date,sum_weights,min_weight,max_weight,turnover,turnover_cap_pass,fully_invested_pass,long_only_pass,no_leverage_pass,period
2008-03-28,1.0,0.1875,0.3625,0.0,True,True,True,True,train
2008-04-04,1.0,0.125,0.475,0.25,True,True,True,True,train
2008-04-11,1.0,0.062499999999999986,0.5875,0.2500000000000001,True,True,True,True,train
2008-04-18,1.0,0.0,0.7,0.24999999999999986,True,True,True,True,train
2008-04-25,1.0,0.0,0.7,0.0,True,True,True,True,train
2008-05-02,1.0,0.0,0.7,0.0,True,True,True,True,train
2008-05-09,1.0,0.0,0.7,0.0,True,True,True,True,train
2008-05-16,1.0,0.0,0.7,0.0,True,True,True,True,train
2008-05-23,1.0,0.0,0.7,0.0,True,True,True,True,train
2008-05-30,1.0,0.0,0.7,0.0,True,True,True,True,train
2008-06-06,1.0,0.0,0.7,0.0,True,True,True,True,train
2008-06-13,1.0,0.0,0.7,0.0,True,True,True,True,train
2008-06-20,1.0,0.0,0.7,0.0,True,True,True,True,train
2008-06-27,1.0,0.0,0.7,0.0,True,True,True,True,train
2008-07-03,1.0,0.0,0.7,0.0,True,True,True,True,train
2008-07-11,1.0,0.0,0.7,0.0,True,True,True,True,train
2008-07-18,1.0,0.0,0.7,0.0,True,True,True,True,train
2008-07-25,1.0,0.0,0.7,0.0,True,True,True,True,train
2008-08-01,1.0,0.0,0.7,0.0,True,True,True,True,train
2008-08-08,1.0,0.0,0.7,0.0,True,True,True,True,train
2008-08-15,1.0,0.0,0.7,0.0,True,True,True,True,train
2008-08-22,1.0,0.0,0.7,0.0,True,True,True,True,train
2008-08-29,1.0,0.0,0.7,0.0,True,True,True,True,train
2008-09-05,1.0,0.0,0.7,0.0,True,True,True,True,train
2008-09-12,1.0,0.0,0.7,0.0,True,True,True,True,train
2008-09-19,1.0,0.0,0.7,0.0,True,True,True,True,train
2008-09-26,1.0,0.0,0.7,0.0,True,True,True,True,train
2008-10-03,1.0,0.0,0.7,0.0,True,True,True,True,train
2008-10-10,1.0,0.0,0.7,0.0,True,True,True,True,train
2008-10-17,1.0,0.0,0.7,0.0,True,True,True,True,train
2008-10-24,1.0,0.0,0.7,0.0,True,True,True,True,train
2008-10-31,1.0,0.0,0.7,0.0,True,True,True,True,train
2008-11-07,1.0,0.0,0.7,0.0,True,True,True,True,train
2008-11-14,1.0,0.0,0.7,0.0,True,True,True,True,train
2008-11-21,1.0,0.0,0.7,0.0,True,True,True,True,train
2008-11-28,1.0,0.0,0.7,0.0,True,True,True,True,train
2008-12-05,1.0,0.0,0.7,0.0,True,True,True,True,train
2008-12-12,1.0,0.0,0.7,0.0,True,True,True,True,train
2008-12-19,1.0,0.0,0.7,0.0,True,True,True,True,train
2008-12-26,1.0,0.0,0.7,0.0,True,True,True,True,train
2009-01-02,1.0,0.0,0.7,0.0,True,True,True,True,train
2009-01-09,1.0,0.0,0.7,0.0,True,True,True,True,train
2009-01-16,1.0,0.0,0.7,0.0,True,True,True,True,train
2009-01-23,1.0,0.0,0.7,0.0,True,True,True,True,train
2009-01-30,1.0,0.0,0.7,0.0,True,True,True,True,train
2009-02-06,1.0,0.0,0.7,0.0,True,True,True,True,train
2009-02-13,1.0,0.0,0.7,0.0,True,True,True,True,train
2009-02-20,1.0,0.0,0.7,0.0,True,True,True,True,train
2009-02-27,1.0,0.0,0.7,0.0,True,True,True,True,train
2009-03-06,1.0,0.0,0.7,0.0,True,True,True,True,train
2009-03-13,1.0,0.0,0.7,0.0,True,True,True,True,train
2009-03-20,1.0,0.0,0.7,0.0,True,True,True,True,train
2009-03-27,1.0,0.0,0.5968749999999999,0.25,True,True,True,True,train
2009-04-03,1.0,0.0,0.47187500000000004,0.24999999999999994,True,True,True,True,train
2009-04-09,1.0,0.0,0.5326594476455395,0.25,True,True,True,True,train
2009-04-17,1.0,0.0,0.4552754606012397,0.25,True,True,True,True,train
2009-04-24,1.0,0.0,0.44444444444444453,0.03499114148316876,True,True,True,True,train
2009-05-01,1.0,0.0,0.44444444444444453,0.0,True,True,True,True,train
2009-05-08,1.0,0.09999999999999999,0.39999999999999997,0.2000000000000002,True,True,True,True,train
2009-05-15,1.0,0.09999999999999999,0.39999999999999997,0.19999999999999996,True,True,True,True,train
2009-05-22,1.0,0.09999999999999999,0.39999999999999997,0.19999999999999996,True,True,True,True,train
2009-05-29,1.0,0.09999999999999999,0.39999999999999997,0.0,True,True,True,True,train
2009-06-05,1.0,0.19375,0.33749999999999997,0.25,True,True,True,True,train
2009-06-12,1.0,0.15416666666666665,0.31875,0.24999999999999997,True,True,True,True,train
2009-06-19,1.0,0.10519355403748465,0.3960588544403573,0.25000000000000006,True,True,True,True,train
2009-06-26,1.0,0.09999999999999999,0.39999999999999997,0.012121212121212047,True,True,True,True,train
2009-07-02,1.0,0.1625,0.4000000000000001,0.2500000000000001,True,True,True,True,train
2009-07-10,1.0,0.05000000000000003,0.4317460317460317,0.24999999999999978,True,True,True,True,train
2009-07-17,1.0,0.09315068493150686,0.4043487714720591,0.25,True,True,True,True,train
2009-07-24,1.0000000000000002,0.16294785554681282,0.4015080237872685,0.25,True,True,True,True,train
2009-07-31,1.0,0.09999999999999999,0.39999999999999997,0.13271363339856496,True,True,True,True,train
2009-08-07,1.0,0.09999999999999999,0.39999999999999997,0.2,True,True,True,True,train
2009-08-14,1.0,0.10000000000000002,0.4000000000000001,0.2000000000000001,True,True,True,True,train
2009-08-21,1.0,0.10000000000000002,0.4000000000000001,0.0,True,True,True,True,train
2009-08-28,1.0,0.10000000000000002,0.4000000000000001,0.0,True,True,True,True,train
2009-09-04,1.0,0.09999999999999999,0.39999999999999997,0.2000000000000001,True,True,True,True,train
2009-09-11,1.0,0.1,0.3375,0.25,True,True,True,True,train
2009-09-18,1.0,0.1,0.3625,0.24999999999999994,True,True,True,True,train
2009-09-25,1.0,0.10000000000000002,0.3782544378698226,0.2500000000000001,True,True,True,True,train
2009-10-02,1.0,0.10000000000000002,0.4000000000000001,0.07499999999999987,True,True,True,True,train
2009-10-09,1.0,0.1,0.3375000000000001,0.25,True,True,True,True,train
2009-10-16,1.0,0.09999999999999999,0.36249999999999993,0.24999999999999994,True,True,True,True,train
2009-10-23,1.0,0.14467529957479705,0.36832721298801707,0.25000000000000006,True,True,True,True,train
2009-10-30,1.0,0.09999999999999999,0.39999999999999997,0.22600502512562815,True,True,True,True,train
2009-11-06,1.0,0.09999999999999999,0.39999999999999997,0.2,True,True,True,True,train
2009-11-13,1.0,0.1,0.32499999999999996,0.25,True,True,True,True,train
2009-11-20,1.0,0.1,0.4,0.15000000000000008,True,True,True,True,train
2009-11-27,1.0,0.1,0.4,0.0,True,True,True,True,train
2009-12-04,1.0,0.09999999999999999,0.39999999999999997,0.20000000000000012,True,True,True,True,train
2009-12-11,1.0,0.10000000000000002,0.4000000000000001,0.20000000000000018,True,True,True,True,train
2009-12-18,1.0,0.10000000000000002,0.4000000000000001,0.0,True,True,True,True,train
2009-12-24,0.9999999999999999,0.14166666666666664,0.35833333333333334,0.24999999999999997,True,True,True,True,train
2009-12-31,1.0,0.20909090909090908,0.3363636363636363,0.25,True,True,True,True,train
2010-01-08,1.0,0.12348484848484854,0.3893939393939394,0.24999999999999997,True,True,True,True,train
2010-01-15,1.0,0.1,0.4,0.05000000000000014,True,True,True,True,train
2010-01-22,1.0,0.14166666666666666,0.35833333333333334,0.25,True,True,True,True,train
2010-01-29,1.0,0.20909090909090908,0.33636363636363636,0.25,True,True,True,True,train
2010-02-05,1.0,0.11818181818181817,0.38939393939393935,0.24999999999999997,True,True,True,True,train
2010-02-12,1.0,0.09999999999999999,0.39999999999999997,0.05,True,True,True,True,train
2010-02-19,1.0,0.09999999999999999,0.39999999999999997,0.0,True,True,True,True,train
2010-02-26,1.0,0.09999999999999999,0.39999999999999997,0.0,True,True,True,True,train
2010-03-05,1.0,0.09999999999999999,0.39999999999999997,0.2,True,True,True,True,train
2010-03-12,1.0,0.09999999999999999,0.39999999999999997,0.0,True,True,True,True,train
2010-03-19,1.0,0.09999999999999999,0.39999999999999997,0.2,True,True,True,True,train
2010-03-26,1.0,0.09999999999999999,0.39999999999999997,0.2,True,True,True,True,train
2010-04-01,1.0,0.10000000000000002,0.4000000000000001,0.2000000000000001,True,True,True,True,train
2010-04-09,1.0,0.09999999999999999,0.39999999999999997,0.20000000000000018,True,True,True,True,train
2010-04-16,1.0,0.10000000000000002,0.4000000000000001,0.20000000000000018,True,True,True,True,train
2010-04-23,1.0,0.13750000000000004,0.4,0.25,True,True,True,True,train
2010-04-30,1.0,0.11071428571428574,0.35,0.25,True,True,True,True,train
2010-05-07,1.0,0.1595424107142857,0.37734375,0.25,True,True,True,True,train
2010-05-14,1.0,0.12420091882117201,0.39470604900786865,0.25,True,True,True,True,train
2010-05-21,1.0,0.07187225992469755,0.3418655881940366,0.24999999999999997,True,True,True,True,train
2010-05-28,1.0,0.019543601028223098,0.4165510646816562,0.24999999999999997,True,True,True,True,train
2010-06-04,1.0,0.0,0.44444444444444453,0.09336949121363695,True,True,True,True,train
2010-06-11,1.0,0.0,0.44444444444444453,0.0,True,True,True,True,train
2010-06-18,1.0,0.07031249999999999,0.4131944444444445,0.25000000000000006,True,True,True,True,train
2010-06-25,1.0,0.0,0.44444444444444453,0.25000000000000006,True,True,True,True,train
2010-07-02,1.0,0.0,0.44444444444444453,0.0,True,True,True,True,train
2010-07-09,1.0,0.0,0.44444444444444453,0.22222222222222232,True,True,True,True,train
2010-07-16,1.0,0.0,0.44444444444444453,0.0,True,True,True,True,train
2010-07-23,1.0,0.0,0.44444444444444453,0.0,True,True,True,True,train
2010-07-30,1.0,0.09999999999999999,0.39999999999999997,0.2000000000000002,True,True,True,True,train
2010-08-06,1.0,0.09999999999999999,0.39999999999999997,0.0,True,True,True,True,train
2010-08-13,1.0,0.09999999999999999,0.39999999999999997,0.0,True,True,True,True,train
2010-08-20,1.0,0.09999999999999999,0.39999999999999997,0.19999999999999996,True,True,True,True,train
2010-08-27,1.0,0.09999999999999999,0.39999999999999997,0.19999999999999996,True,True,True,True,train
2010-09-03,1.0,0.09999999999999999,0.39999999999999997,0.2,True,True,True,True,train
2010-09-10,1.0,0.09999999999999999,0.39999999999999997,0.0,True,True,True,True,train
2010-09-17,1.0,0.09999999999999999,0.39999999999999997,0.0,True,True,True,True,train
2010-09-24,1.0,0.09999999999999999,0.39999999999999997,0.0,True,True,True,True,train
2010-10-01,1.0,0.09999999999999999,0.39999999999999997,0.0,True,True,True,True,train
2010-10-08,1.0,0.09999999999999999,0.39999999999999997,0.2,True,True,True,True,train
2010-10-15,1.0,0.10000000000000002,0.3375,0.24999999999999994,True,True,True,True,train
2010-10-22,1.0,0.09999999999999999,0.39999999999999997,0.24999999999999994,True,True,True,True,train
2010-10-29,1.0,0.09999999999999999,0.39999999999999997,0.0,True,True,True,True,train
2010-11-05,1.0,0.09999999999999999,0.39999999999999997,0.0,True,True,True,True,train
2010-11-12,1.0,0.13749999999999998,0.39999999999999997,0.25,True,True,True,True,train
2010-11-19,1.0,0.16513157894736843,0.3473684210526316,0.25,True,True,True,True,train
2010-11-26,1.0,0.09999999999999999,0.39999999999999997,0.16447368421052633,True,True,True,True,train
2010-12-03,1.0,0.1,0.3625,0.25,True,True,True,True,train
2010-12-10,0.9999999999999999,0.09999999999999998,0.38749999999999996,0.25000000000000006,True,True,True,True,train
2010-12-17,1.0,0.1,0.4,0.024999999999999967,True,True,True,True,train
2010-12-23,1.0,0.1,0.4,0.19999999999999996,True,True,True,True,train
2010-12-31,1.0,0.1,0.4,0.0,True,True,True,True,train
2011-01-07,1.0,0.1,0.4,0.0,True,True,True,True,train
2011-01-14,1.0,0.1,0.4,0.0,True,True,True,True,train
2011-01-21,1.0,0.1,0.4,0.0,True,True,True,True,train
2011-01-28,1.0,0.1,0.4,0.0,True,True,True,True,train
2011-02-04,1.0,0.05833333333333334,0.4714285714285715,0.25,True,True,True,True,train
2011-02-11,0.9999999999999999,0.01666666666666668,0.5428571428571428,0.24999999999999975,True,True,True,True,train
2011-02-18,1.0,0.005637254901960782,0.47773109243697476,0.25,True,True,True,True,train
2011-02-25,1.0,0.09234896661367258,0.4063025210084033,0.25,True,True,True,True,train
2011-03-04,1.0,0.1,0.4,0.21260504201680658,True,True,True,True,train
2011-03-11,1.0,0.1,0.4,0.0,True,True,True,True,train
2011-03-18,1.0,0.17500000000000004,0.4,0.25,True,True,True,True,train
2011-03-25,1.0,0.1,0.4,0.25,True,True,True,True,train
2011-04-01,1.0,0.1,0.4,0.0,True,True,True,True,train
2011-04-08,1.0,0.1,0.4,0.2,True,True,True,True,train
2011-04-15,1.0,0.1,0.4,0.2,True,True,True,True,train
2011-04-21,1.0,0.1,0.4,0.2,True,True,True,True,train
2011-04-29,1.0,0.1,0.4,0.2,True,True,True,True,train
2011-05-06,1.0,0.1625,0.3375,0.25,True,True,True,True,train
2011-05-13,1.0,0.175,0.27954545454545454,0.25,True,True,True,True,train
2011-05-20,1.0,0.11249999999999999,0.3784090909090909,0.25000000000000006,True,True,True,True,train
2011-05-27,1.0,0.09999999999999999,0.39999999999999997,0.04999999999999995,True,True,True,True,train
2011-06-03,1.0,0.09999999999999999,0.39999999999999997,0.0,True,True,True,True,train
2011-06-10,1.0,0.09999999999999999,0.39999999999999997,0.2,True,True,True,True,train
2011-06-17,1.0,0.09999999999999999,0.39999999999999997,0.19999999999999996,True,True,True,True,train
2011-06-24,1.0,0.09999999999999999,0.3625,0.24999999999999997,True,True,True,True,train
2011-07-01,1.0,0.09999999999999999,0.39999999999999997,0.15,True,True,True,True,train
2011-07-08,1.0,0.09999999999999999,0.39999999999999997,0.0,True,True,True,True,train
2011-07-15,1.0,0.10000000000000002,0.3375,0.24999999999999994,True,True,True,True,train
2011-07-22,1.0,0.09999999999999999,0.39999999999999997,0.15000000000000008,True,True,True,True,train
2011-07-29,1.0,0.09999999999999999,0.39999999999999997,0.0,True,True,True,True,train
2011-08-05,1.0,0.0,0.44444444444444453,0.20000000000000023,True,True,True,True,train
2011-08-12,1.0,0.0,0.44444444444444453,0.0,True,True,True,True,train
2011-08-19,1.0,0.0,0.44444444444444453,0.0,True,True,True,True,train
2011-08-26,1.0,0.0,0.44444444444444453,0.0,True,True,True,True,train
2011-09-02,1.0,0.0,0.44444444444444453,0.0,True,True,True,True,train
2011-09-09,1.0,0.0,0.44444444444444453,0.22222222222222232,True,True,True,True,train
2011-09-16,1.0,0.0,0.44444444444444453,0.2222222222222222,True,True,True,True,train
2011-09-23,1.0,0.0,0.44444444444444453,0.22222222222222232,True,True,True,True,train
2011-09-30,1.0,0.0,0.44444444444444453,0.22222222222222232,True,True,True,True,train
2011-10-07,1.0,0.0,0.44444444444444453,0.22222222222222232,True,True,True,True,train
2011-10-14,1.0,0.0,0.44444444444444453,0.0,True,True,True,True,train
2011-10-21,1.0,0.0,0.44444444444444453,0.0,True,True,True,True,train
2011-10-28,0.9999999999999999,0.0,0.44444444444444436,0.2222222222222224,True,True,True,True,train
2011-11-04,1.0,0.0,0.44444444444444453,0.2222222222222224,True,True,True,True,train
2011-11-11,1.0,0.0,0.44444444444444453,0.22222222222222232,True,True,True,True,train
2011-11-18,1.0,0.0,0.44444444444444453,0.22222222222222232,True,True,True,True,train
2011-11-25,1.0,0.0,0.44444444444444453,0.0,True,True,True,True,train
2011-12-02,1.0,0.0,0.44444444444444453,0.0,True,True,True,True,train
2011-12-09,1.0,0.0,0.44444444444444453,0.0,True,True,True,True,train
2011-12-16,1.0,0.0,0.5158730158730159,0.24999999999999997,True,True,True,True,train
2011-12-23,1.0,0.0,0.44444444444444453,0.24999999999999997,True,True,True,True,train
2011-12-30,1.0,0.0,0.44444444444444453,0.0,True,True,True,True,train
2012-01-06,1.0,0.0,0.44444444444444453,0.0,True,True,True,True,train
2012-01-13,1.0,0.0,0.44444444444444453,0.0,True,True,True,True,train
2012-01-20,1.0,0.0,0.44444444444444453,0.0,True,True,True,True,train
2012-01-27,1.0,0.0,0.44444444444444453,0.0,True,True,True,True,train
2012-02-03,1.0,0.12499999999999997,0.41666666666666663,0.25000000000000017,True,True,True,True,train
2012-02-10,1.0,0.10000000000000002,0.4000000000000001,0.1499999999999999,True,True,True,True,train
2012-02-17,1.0,0.1,0.4,0.20000000000000012,True,True,True,True,train
2012-02-24,1.0,0.1,0.4,0.0,True,True,True,True,train
2012-03-02,1.0,0.10000000000000002,0.4000000000000001,0.20000000000000012,True,True,True,True,train
2012-03-09,1.0,0.10000000000000002,0.4000000000000001,0.0,True,True,True,True,train
2012-03-16,1.0,0.10000000000000002,0.32500000000000007,0.25,True,True,True,True,train
2012-03-23,1.0,0.10000000000000002,0.4000000000000001,0.15000000000000005,True,True,True,True,train
2012-03-30,1.0,0.09999999999999999,0.39999999999999997,0.2000000000000001,True,True,True,True,train
2012-04-05,1.0,0.09999999999999999,0.39999999999999997,0.0,True,True,True,True,train
2012-04-13,1.0,0.09999999999999999,0.39999999999999997,0.2,True,True,True,True,train
2012-04-20,1.0,0.10000000000000002,0.4000000000000001,0.2000000000000001,True,True,True,True,train
2012-04-27,1.0,0.0,0.44444444444444453,0.2,True,True,True,True,train
2012-05-04,1.0,0.0,0.44444444444444453,0.0,True,True,True,True,train
2012-05-11,1.0,0.0,0.5158730158730159,0.24999999999999997,True,True,True,True,train
2012-05-18,1.0,0.0,0.5714285714285715,0.1944444444444445,True,True,True,True,train
2012-05-25,1.0,0.0,0.5714285714285715,0.0,True,True,True,True,train
2012-06-01,1.0,0.0,0.5714285714285715,0.0,True,True,True,True,train
2012-06-08,1.0,0.0,0.5535714285714286,0.25,True,True,True,True,train
2012-06-15,1.0,0.0,0.4453125000000001,0.25,True,True,True,True,train
2012-06-22,1.0,0.0,0.5703125000000001,0.25,True,True,True,True,train
2012-06-29,1.0,0.0,0.4991575180655921,0.25,True,True,True,True,train
2012-07-06,0.9999999999999999,0.0,0.5707946148201243,0.24999999999999983,True,True,True,True,train
2012-07-13,1.0,0.0,0.5714285714285715,0.002212389380531088,True,True,True,True,train
2012-07-20,1.0,0.0,0.5714285714285715,0.0,True,True,True,True,train
2012-07-27,1.0,0.0,0.5714285714285715,0.0,True,True,True,True,train
2012-08-03,1.0,0.0,0.5,0.2500000000000001,True,True,True,True,train
2012-08-10,1.0,0.0,0.44444444444444453,0.19444444444444436,True,True,True,True,train
2012-08-17,1.0,0.0,0.44444444444444453,0.22222222222222232,True,True,True,True,train
2012-08-24,1.0,0.09999999999999999,0.39999999999999997,0.20000000000000023,True,True,True,True,train
2012-08-31,1.0,0.09999999999999999,0.39999999999999997,0.0,True,True,True,True,train
2012-09-07,1.0,0.10000000000000002,0.4000000000000001,0.2000000000000001,True,True,True,True,train
2012-09-14,1.0,0.1,0.3625,0.25,True,True,True,True,train
2012-09-21,1.0,0.09999999999999999,0.39999999999999997,0.12499999999999999,True,True,True,True,train
2012-09-28,1.0,0.09999999999999999,0.39999999999999997,0.19999999999999998,True,True,True,True,train
2012-10-05,1.0,0.13749999999999998,0.39999999999999997,0.25,True,True,True,True,train
2012-10-12,1.0,0.09999999999999999,0.39999999999999997,0.25,True,True,True,True,train
2012-10-19,1.0,0.09999999999999999,0.39999999999999997,0.0,True,True,True,True,train
2012-10-26,1.0,0.09999999999999999,0.39999999999999997,0.0,True,True,True,True,train
2012-11-02,1.0,0.09999999999999999,0.39999999999999997,0.19999999999999998,True,True,True,True,train
2012-11-09,1.0,0.13749999999999998,0.3625,0.25,True,True,True,True,train
2012-11-16,1.0,0.09999999999999999,0.39999999999999997,0.14999999999999997,True,True,True,True,train
2012-11-23,1.0,0.10000000000000002,0.4000000000000001,0.20000000000000018,True,True,True,True,train
2012-11-30,1.0,0.09999999999999999,0.39999999999999997,0.2000000000000001,True,True,True,True,train
2012-12-07,1.0,0.10000000000000002,0.4000000000000001,0.2000000000000001,True,True,True,True,train
2012-12-14,1.0,0.025000000000000015,0.40833333333333327,0.2499999999999999,True,True,True,True,train
2012-12-21,1.0,0.011280487804878055,0.3671747967479675,0.24999999999999997,True,True,True,True,train
2012-12-28,1.0,0.0022551192012353807,0.4238978028331888,0.25,True,True,True,True,train
2013-01-04,0.9999999999999999,0.0,0.44444444444444436,0.062466124661246535,True,True,True,True,train
2013-01-11,0.9999999999999999,0.0,0.44444444444444436,0.0,True,True,True,True,train
2013-01-18,1.0,0.1,0.4,0.1999999999999998,True,True,True,True,train
2013-01-25,0.9999999999999999,0.0,0.44444444444444436,0.1999999999999998,True,True,True,True,train
2013-02-01,1.0000000000000002,0.0,0.5694444444444445,0.2500000000000001,True,True,True,True,train
2013-02-08,0.9999999999999999,0.0,0.44444444444444436,0.2500000000000001,True,True,True,True,train
2013-02-15,0.9999999999999999,0.0,0.44444444444444436,0.0,True,True,True,True,train
2013-02-22,0.9999999999999999,0.0,0.44444444444444436,0.0,True,True,True,True,train
2013-03-01,1.0,0.0,0.44444444444444453,0.2222222222222224,True,True,True,True,train
2013-03-08,1.0,0.0,0.5158730158730159,0.24999999999999997,True,True,True,True,train
2013-03-15,1.0,0.0,0.4780578898225957,0.25,True,True,True,True,train
2013-03-22,1.0,0.0,0.44444444444444453,0.06722689075630248,True,True,True,True,train
2013-03-28,1.0,0.0,0.44444444444444453,0.0,True,True,True,True,train
2013-04-05,1.0,0.0,0.39583333333333337,0.25,True,True,True,True,train
2013-04-12,1.0,0.0,0.44444444444444453,0.125,True,True,True,True,train
2013-04-19,1.0,0.0,0.44444444444444453,0.2222222222222222,True,True,True,True,train
2013-04-26,1.0,0.0,0.44444444444444453,0.0,True,True,True,True,train
2013-05-03,1.0,0.0,0.44444444444444453,0.22222222222222232,True,True,True,True,train
2013-05-10,1.0,0.0,0.38194444444444453,0.24999999999999994,True,True,True,True,train
2013-05-17,1.0,0.0,0.4233091787439613,0.24999999999999994,True,True,True,True,train
2013-05-24,1.0,0.0,0.44444444444444453,0.06944444444444464,True,True,True,True,train
2013-05-31,1.0,0.0,0.5694444444444444,0.24999999999999997,True,True,True,True,train
2013-06-07,1.0,0.0,0.6944444444444444,0.24999999999999997,True,True,True,True,train
2013-06-14,1.0,0.0,0.6317421790722761,0.25,True,True,True,True,train
2013-06-21,1.0,0.0,0.7567421790722761,0.25,True,True,True,True,train
2013-06-28,1.0,0.0,0.8817421790722761,0.25,True,True,True,True,train
2013-07-05,1.0,0.0,1.0,0.2365156418554477,True,True,True,True,train
2013-07-12,1.0,0.0,1.0,0.0,True,True,True,True,train
2013-07-19,1.0,0.0,1.0,0.0,True,True,True,True,train
2013-07-26,1.0,0.0,1.0,0.0,True,True,True,True,train
2013-08-02,1.0,0.0,1.0,0.0,True,True,True,True,train
2013-08-09,1.0,0.0,1.0,0.0,True,True,True,True,train
2013-08-16,1.0,0.0,1.0,0.0,True,True,True,True,train
2013-08-23,1.0,0.0,1.0,0.0,True,True,True,True,train
2013-08-30,1.0,0.0,1.0,0.0,True,True,True,True,train
2013-09-06,1.0,0.0,1.0,0.0,True,True,True,True,train
2013-09-13,1.0,0.0,1.0,0.0,True,True,True,True,train
2013-09-20,1.0,0.0,0.875,0.25,True,True,True,True,train
2013-09-27,1.0,0.0,0.75,0.25,True,True,True,True,train
2013-10-04,1.0,0.0,0.625,0.25000000000000006,True,True,True,True,train
2013-10-11,1.0,0.0,0.5714285714285715,0.10714285714285698,True,True,True,True,train
2013-10-18,1.0,0.0,0.5714285714285715,0.0,True,True,True,True,train
2013-10-25,1.0,0.0,0.5714285714285715,0.0,True,True,True,True,train
2013-11-01,1.0,0.0,0.5714285714285715,0.0,True,True,True,True,train
2013-11-08,1.0,0.0,0.5714285714285715,0.0,True,True,True,True,train
2013-11-15,1.0,0.0,0.5,0.2500000000000001,True,True,True,True,train
2013-11-22,1.0,0.0,0.44444444444444453,0.19444444444444436,True,True,True,True,train
2013-11-29,1.0,0.0,0.44444444444444453,0.0,True,True,True,True,train
2013-12-06,1.0,0.0,0.44444444444444453,0.0,True,True,True,True,train
2013-12-13,1.0,0.0,0.44444444444444453,0.0,True,True,True,True,train
2013-12-20,1.0,0.0,0.44444444444444453,0.0,True,True,True,True,train
2013-12-27,1.0,0.0,0.5158730158730159,0.24999999999999997,True,True,True,True,train
2014-01-03,1.0,0.0,0.44444444444444453,0.24999999999999997,True,True,True,True,train
2014-01-10,1.0,0.0,0.44444444444444453,0.0,True,True,True,True,train
2014-01-17,1.0,0.0,0.44444444444444453,0.0,True,True,True,True,train
2014-01-24,1.0,0.0,0.44444444444444453,0.0,True,True,True,True,train
2014-01-31,1.0,0.0,0.39583333333333337,0.25,True,True,True,True,train
2014-02-07,1.0,0.0,0.44444444444444453,0.19444444444444453,True,True,True,True,train
2014-02-14,1.0,0.0,0.44444444444444453,0.22222222222222232,True,True,True,True,train
2014-02-21,0.9999999999999999,0.0,0.44444444444444436,0.2222222222222224,True,True,True,True,train
2014-02-28,0.9999999999999999,0.0,0.44444444444444436,0.2222222222222221,True,True,True,True,train
2014-03-07,1.0,0.1,0.4,0.1999999999999998,True,True,True,True,train
2014-03-14,1.0000000000000002,0.1,0.325,0.24999999999999994,True,True,True,True,train
2014-03-21,1.0,0.1,0.4,0.24999999999999994,True,True,True,True,train
2014-03-28,0.9999999999999999,0.0,0.44444444444444436,0.1999999999999998,True,True,True,True,train
2014-04-04,0.9999999999999999,0.0,0.44444444444444436,0.0,True,True,True,True,train
2014-04-11,1.0,0.05113636363636363,0.36742424242424243,0.24999999999999997,True,True,True,True,train
2014-04-17,0.9999999999999999,0.09833148558758313,0.39724932249322487,0.24999999999999994,True,True,True,True,train
2014-04-25,0.9999999999999999,0.0,0.44444444444444436,0.19666297117516626,True,True,True,True,train
2014-05-02,0.9999999999999999,0.0,0.44444444444444436,0.0,True,True,True,True,train
2014-05-09,0.9999999999999999,0.0,0.44444444444444436,0.2222222222222221,True,True,True,True,train
2014-05-16,0.9999999999999999,0.0,0.44444444444444436,0.2222222222222221,True,True,True,True,train
2014-05-23,0.9999999999999999,0.0,0.44444444444444436,0.2222222222222221,True,True,True,True,train
2014-05-30,0.9999999999999999,0.0,0.44444444444444436,0.0,True,True,True,True,train
2014-06-06,0.9999999999999999,0.0,0.44444444444444436,0.2222222222222221,True,True,True,True,train
2014-06-13,0.9999999999999999,0.0,0.44444444444444436,0.0,True,True,True,True,train
2014-06-20,1.0,0.1,0.4,0.1999999999999998,True,True,True,True,train
2014-06-27,1.0,0.1,0.4,0.0,True,True,True,True,train
2014-07-03,1.0,0.1,0.4,0.0,True,True,True,True,train
2014-07-11,1.0,0.1,0.4,0.0,True,True,True,True,train
2014-07-18,1.0,0.1,0.4,0.19999999999999996,True,True,True,True,train
2014-07-25,1.0,0.1,0.4,0.19999999999999996,True,True,True,True,train
2014-08-01,1.0,0.1,0.4,0.19999999999999996,True,True,True,True,train
2014-08-08,1.0,0.10000000000000002,0.4000000000000001,0.20000000000000012,True,True,True,True,train
2014-08-15,1.0,0.02968749999999999,0.43125,0.25,True,True,True,True,train
2014-08-22,0.9999999999999999,0.0,0.44444444444444436,0.10555555555555542,True,True,True,True,train
2014-08-29,0.9999999999999999,0.0,0.44444444444444436,0.0,True,True,True,True,train
2014-09-05,0.9999999999999999,0.0,0.44444444444444436,0.0,True,True,True,True,train
2014-09-12,0.9999999999999999,0.0,0.44444444444444436,0.2222222222222221,True,True,True,True,train
2014-09-19,0.9999999999999999,0.0,0.44444444444444436,0.2222222222222221,True,True,True,True,train
2014-09-26,1.0,0.0,0.44444444444444453,0.2222222222222224,True,True,True,True,train
2014-10-03,1.0,0.0,0.44444444444444453,0.0,True,True,True,True,train
2014-10-10,1.0,0.0,0.5158730158730159,0.24999999999999997,True,True,True,True,train
2014-10-17,1.0,0.0,0.5714285714285715,0.1944444444444445,True,True,True,True,train
2014-10-24,1.0,0.0,0.5714285714285715,0.0,True,True,True,True,train
2014-10-31,1.0,0.0,0.5,0.2500000000000001,True,True,True,True,train
2014-11-07,1.0,0.0,0.44444444444444453,0.19444444444444436,True,True,True,True,train
2014-11-14,1.0,0.0,0.44444444444444453,0.0,True,True,True,True,train
2014-11-21,1.0,0.0,0.44444444444444453,0.0,True,True,True,True,train
2014-11-28,1.0,0.0,0.44444444444444453,0.0,True,True,True,True,train
2014-12-05,0.9999999999999999,0.0,0.44444444444444436,0.2222222222222224,True,True,True,True,train
2014-12-12,1.0,0.0,0.4920634920634921,0.25000000000000006,True,True,True,True,train
2014-12-19,1.0,0.0,0.44444444444444453,0.0952380952380952,True,True,True,True,train
2014-12-26,1.0,0.0,0.44444444444444453,0.0,True,True,True,True,train
2015-01-02,1.0,0.0,0.44444444444444453,0.0,True,True,True,True,train
2015-01-09,1.0,0.0,0.44444444444444453,0.0,True,True,True,True,train
2015-01-16,1.0,0.10000000000000002,0.4000000000000001,0.2,True,True,True,True,train
2015-01-23,1.0,0.10000000000000002,0.4000000000000001,0.0,True,True,True,True,train
2015-01-30,1.0,0.09999999999999999,0.39999999999999997,0.20000000000000018,True,True,True,True,train
2015-02-06,1.0,0.10000000000000002,0.4000000000000001,0.20000000000000018,True,True,True,True,train
2015-02-13,1.0,0.0,0.44444444444444453,0.2,True,True,True,True,train
2015-02-20,1.0,0.0,0.44444444444444453,0.0,True,True,True,True,train
2015-02-27,1.0,0.0,0.44444444444444453,0.0,True,True,True,True,train
2015-03-06,1.0,0.0,0.44444444444444453,0.0,True,True,True,True,train
2015-03-13,1.0,0.0,0.44444444444444453,0.0,True,True,True,True,train
2015-03-20,1.0,0.0,0.44444444444444453,0.0,True,True,True,True,train
2015-03-27,1.0,0.0,0.44444444444444453,0.22222222222222232,True,True,True,True,train
2015-04-02,1.0,0.0,0.44444444444444453,0.0,True,True,True,True,train
2015-04-10,1.0,0.0,0.39583333333333337,0.25,True,True,True,True,train
2015-04-17,1.0,0.0,0.4097222222222222,0.24999999999999997,True,True,True,True,train
2015-04-24,1.0,0.0,0.44444444444444453,0.24939613526570056,True,True,True,True,train
2015-05-01,1.0,0.0,0.44444444444444453,0.0,True,True,True,True,train
2015-05-08,1.0,0.0,0.44444444444444453,0.22222222222222232,True,True,True,True,train
2015-05-15,1.0,0.09999999999999999,0.39999999999999997,0.20000000000000023,True,True,True,True,train
2015-05-22,1.0,0.0,0.44444444444444453,0.20000000000000023,True,True,True,True,train
2015-05-29,1.0,0.0,0.44444444444444453,0.0,True,True,True,True,train
2015-06-05,1.0,0.0,0.44444444444444453,0.0,True,True,True,True,train
2015-06-12,1.0,0.0,0.45833333333333326,0.25,True,True,True,True,train
2015-06-19,1.0,0.0,0.5611111111111111,0.25,True,True,True,True,train
2015-06-26,1.0,0.0,0.5714285714285715,0.0206349206349207,True,True,True,True,train
2015-07-02,1.0,0.0,0.5714285714285715,0.0,True,True,True,True,train
2015-07-10,1.0,0.0,0.5714285714285715,0.0,True,True,True,True,train
2015-07-17,1.0,0.0,0.5535714285714286,0.25,True,True,True,True,train
2015-07-24,1.0,0.0,0.5714285714285715,0.25,True,True,True,True,train
2015-07-31,1.0,0.0,0.5714285714285715,0.0,True,True,True,True,train
2015-08-07,1.0,0.0,0.5714285714285715,0.25,True,True,True,True,train
2015-08-14,1.0,0.0,0.5714285714285715,0.25,True,True,True,True,train
2015-08-21,1.0,0.0,0.5714285714285715,0.25,True,True,True,True,train
2015-08-28,1.0,0.0,0.5714285714285715,0.1071428571428572,True,True,True,True,train
2015-09-04,1.0,0.0,0.5714285714285715,0.0,True,True,True,True,train
2015-09-11,1.0,0.0,0.5714285714285715,0.0,True,True,True,True,train
2015-09-18,1.0,0.0,0.5714285714285715,0.0,True,True,True,True,train
2015-09-25,1.0,0.0,0.5714285714285715,0.0,True,True,True,True,train
2015-10-02,1.0,0.0,0.5714285714285715,0.0,True,True,True,True,train
2015-10-09,1.0,0.0,0.5714285714285715,0.0,True,True,True,True,train
2015-10-16,1.0,0.0,0.5,0.2500000000000001,True,True,True,True,train
2015-10-23,1.0,0.0,0.44444444444444453,0.19444444444444436,True,True,True,True,train
2015-10-30,1.0,0.0,0.44444444444444453,0.0,True,True,True,True,train
2015-11-06,1.0,0.0,0.5158730158730159,0.24999999999999997,True,True,True,True,train
2015-11-13,1.0,0.0,0.5714285714285715,0.1944444444444445,True,True,True,True,train
2015-11-20,1.0,0.0,0.5044642857142858,0.25,True,True,True,True,train
2015-11-27,1.0,0.0,0.5714285714285715,0.25,True,True,True,True,train
2015-12-04,1.0,0.0,0.5238095238095238,0.2500000000000001,True,True,True,True,train
2015-12-11,1.0,0.0,0.5714285714285715,0.2500000000000001,True,True,True,True,train
2015-12-18,1.0,0.0,0.5535714285714286,0.25,True,True,True,True,train
2015-12-24,1.0,0.0,0.49218749999999994,0.2500000000000002,True,True,True,True,train
2015-12-31,1.0,0.0,0.5180621355685131,0.25,True,True,True,True,train
2016-01-08,1.0,0.0,0.5478258550807082,0.24999999999999994,True,True,True,True,train
2016-01-15,1.0,0.0,0.47956494481313094,0.25,True,True,True,True,train
2016-01-22,1.0,0.0,0.5714285714285715,0.18675958188153324,True,True,True,True,train
2016-01-29,1.0,0.0,0.5714285714285715,0.0,True,True,True,True,train
2016-02-05,1.0,0.0,0.5,0.2500000000000001,True,True,True,True,train
2016-02-12,1.0,0.0,0.42708333333333337,0.25,True,True,True,True,train
2016-02-19,1.0,0.0,0.44444444444444453,0.18750000000000006,True,True,True,True,train
2016-02-26,1.0,0.0,0.44444444444444453,0.22222222222222232,True,True,True,True,train
2016-03-04,1.0,0.0,0.34722222222222227,0.25,True,True,True,True,train
2016-03-11,0.9999999999999999,0.0,0.44444444444444436,0.24999999999999997,True,True,True,True,train
2016-03-18,1.0,0.0,0.44444444444444453,0.2222222222222224,True,True,True,True,train
2016-03-24,1.0,0.0,0.44444444444444453,0.0,True,True,True,True,train
2016-04-01,1.0,0.09999999999999999,0.39999999999999997,0.2000000000000002,True,True,True,True,train
2016-04-08,1.0,0.09999999999999999,0.39999999999999997,0.0,True,True,True,True,train
2016-04-15,1.0,0.09999999999999999,0.39999999999999997,0.0,True,True,True,True,train
2016-04-22,1.0,0.09999999999999999,0.39999999999999997,0.0,True,True,True,True,train
2016-04-29,1.0,0.1,0.4,0.20000000000000012,True,True,True,True,train
2016-05-06,1.0,0.09999999999999999,0.39999999999999997,0.20000000000000012,True,True,True,True,train
2016-05-13,1.0,0.09999999999999999,0.39999999999999997,0.0,True,True,True,True,train
2016-05-20,1.0,0.09999999999999999,0.39999999999999997,0.0,True,True,True,True,train
2016-05-27,1.0,0.10000000000000002,0.4000000000000001,0.20000000000000018,True,True,True,True,train
2016-06-03,1.0,0.09999999999999999,0.39999999999999997,0.20000000000000018,True,True,True,True,train
2016-06-10,1.0,0.09999999999999999,0.39999999999999997,0.0,True,True,True,True,train
2016-06-17,1.0,0.0,0.44444444444444453,0.2000000000000002,True,True,True,True,train
2016-06-24,1.0,0.0,0.44444444444444453,0.0,True,True,True,True,train
2016-07-01,1.0,0.09999999999999999,0.39999999999999997,0.2000000000000002,True,True,True,True,train
2016-07-08,1.0,0.09999999999999999,0.39999999999999997,0.0,True,True,True,True,train
2016-07-15,1.0,0.09999999999999999,0.39999999999999997,0.0,True,True,True,True,train
2016-07-22,1.0,0.09999999999999999,0.39999999999999997,0.0,True,True,True,True,train
2016-07-29,1.0,0.09999999999999999,0.39999999999999997,0.0,True,True,True,True,train
2016-08-05,1.0,0.1375,0.4,0.25000000000000006,True,True,True,True,train
2016-08-12,1.0,0.11071428571428572,0.35000000000000003,0.25,True,True,True,True,train
2016-08-19,1.0,0.1,0.4,0.09999999999999999,True,True,True,True,train
2016-08-26,0.9999999999999999,0.09999999999999998,0.3999999999999999,0.20000000000000015,True,True,True,True,train
2016-09-02,1.0,0.1,0.4,0.20000000000000015,True,True,True,True,train
2016-09-09,1.0,0.14166666666666666,0.30000000000000004,0.24999999999999997,True,True,True,True,train
2016-09-16,1.0,0.15000000000000005,0.36666666666666664,0.24999999999999994,True,True,True,True,train
2016-09-23,1.0,0.09999999999999999,0.39999999999999997,0.16666666666666663,True,True,True,True,train
2016-09-30,1.0,0.13749999999999998,0.3625,0.25,True,True,True,True,train
2016-10-07,1.0,0.040625000000000036,0.4239583333333334,0.24999999999999994,True,True,True,True,train
2016-10-14,1.0,0.0,0.44444444444444453,0.08333333333333344,True,True,True,True,train
2016-10-21,1.0,0.10000000000000002,0.4000000000000001,0.2,True,True,True,True,train
2016-10-28,1.0,0.025000000000000015,0.40833333333333327,0.2499999999999999,True,True,True,True,train
2016-11-04,1.0,0.10059523809523814,0.42767857142857146,0.24999999999999994,True,True,True,True,train
2016-11-11,1.0,0.09603331080066095,0.42791516448850836,0.25,True,True,True,True,train
2016-11-18,1.0,0.08053689588148889,0.3588646352103483,0.24999999999999997,True,True,True,True,train
2016-11-25,1.0,0.06504048096231682,0.4753586450353011,0.24999999999999994,True,True,True,True,train
2016-12-02,1.0,0.04954406604314476,0.6003586450353011,0.24999999999999997,True,True,True,True,train
2016-12-09,1.0,0.034047651123972705,0.7253586450353011,0.24999999999999997,True,True,True,True,train
2016-12-16,1.0,0.018551236204800647,0.8503586450353011,0.25,True,True,True,True,train
2016-12-23,1.0,0.003054821285628593,0.9753586450353011,0.25,True,True,True,True,train
2016-12-30,1.0,0.0,1.0,0.04928270992939776,True,True,True,True,train
2017-01-06,1.0,0.0,1.0,0.0,True,True,True,True,train
2017-01-13,1.0,0.0,1.0,0.0,True,True,True,True,train
2017-01-20,1.0,0.0,1.0,0.0,True,True,True,True,train
2017-01-27,1.0,0.0,1.0,0.0,True,True,True,True,train
2017-02-03,1.0,0.0,1.0,0.0,True,True,True,True,train
2017-02-10,1.0,0.0,1.0,0.0,True,True,True,True,train
2017-02-17,1.0,0.0,0.875,0.25,True,True,True,True,train
2017-02-24,1.0,0.026315789473684206,0.75,0.25,True,True,True,True,train
2017-03-03,1.0,0.016403895200556455,0.6349118942731278,0.24999999999999997,True,True,True,True,train
2017-03-10,1.0,0.010787478593427775,0.7599118942731278,0.25,True,True,True,True,train
2017-03-17,1.0,0.006654407468035128,0.6390449653985204,0.2500000000000001,True,True,True,True,train
2017-03-24,1.0,0.05546614063732877,0.5140449653985204,0.25,True,True,True,True,train
2017-03-31,0.9999999999999999,2.9563923406229757e-05,0.44448154211244284,0.25,True,True,True,True,train
2017-04-07,0.9999999999999999,0.0,0.44444444444444436,0.00013332318280937644,True,True,True,True,train
2017-04-13,1.0,0.1,0.4,0.1999999999999998,True,True,True,True,train
2017-04-21,1.0,0.1,0.4,0.0,True,True,True,True,train
2017-04-28,1.0,0.09999999999999999,0.39999999999999997,0.20000000000000012,True,True,True,True,train
2017-05-05,0.9999999999999999,0.07500000000000005,0.4277777777777777,0.24999999999999983,True,True,True,True,train
2017-05-12,1.0,0.0,0.44444444444444453,0.15000000000000036,True,True,True,True,train
2017-05-19,1.0,0.10000000000000002,0.4000000000000001,0.2,True,True,True,True,train
2017-05-26,1.0,0.10000000000000002,0.4000000000000001,0.0,True,True,True,True,train
2017-06-02,1.0,0.10000000000000002,0.4000000000000001,0.0,True,True,True,True,train
2017-06-09,1.0,0.10000000000000002,0.4000000000000001,0.0,True,True,True,True,train
2017-06-16,1.0,0.10000000000000002,0.4000000000000001,0.0,True,True,True,True,train
2017-06-23,1.0,0.10000000000000002,0.4000000000000001,0.0,True,True,True,True,train
2017-06-30,1.0,0.10000000000000002,0.4000000000000001,0.0,True,True,True,True,train
2017-07-07,1.0,0.0,0.44444444444444453,0.2,True,True,True,True,train
2017-07-14,1.0,0.0,0.44444444444444453,0.0,True,True,True,True,train
2017-07-21,1.0,0.0,0.44444444444444453,0.0,True,True,True,True,train
2017-07-28,1.0,0.10000000000000002,0.4000000000000001,0.2,True,True,True,True,train
2017-08-04,1.0,0.10000000000000002,0.4000000000000001,0.0,True,True,True,True,train
2017-08-11,1.0,0.10000000000000002,0.4000000000000001,0.0,True,True,True,True,train
2017-08-18,1.0,0.10000000000000002,0.4000000000000001,0.0,True,True,True,True,train
2017-08-25,1.0,0.09999999999999999,0.39999999999999997,0.2000000000000001,True,True,True,True,train
2017-09-01,1.0,0.09999999999999999,0.39999999999999997,0.0,True,True,True,True,train
2017-09-08,1.0,0.09999999999999999,0.39999999999999997,0.2,True,True,True,True,train
2017-09-15,1.0,0.1,0.3375,0.25,True,True,True,True,train
2017-09-22,1.0,0.10000000000000002,0.4000000000000001,0.14999999999999997,True,True,True,True,train
2017-09-29,1.0,0.10000000000000002,0.4000000000000001,0.0,True,True,True,True,train
2017-10-06,1.0,0.10000000000000002,0.4000000000000001,0.0,True,True,True,True,train
2017-10-13,1.0,0.1,0.4,0.20000000000000012,True,True,True,True,train
2017-10-20,1.0,0.10000000000000002,0.4000000000000001,0.20000000000000012,True,True,True,True,train
2017-10-27,1.0,0.1,0.4,0.20000000000000012,True,True,True,True,train
2017-11-03,1.0,0.1,0.4,0.0,True,True,True,True,train
2017-11-10,1.0,0.1,0.4,0.0,True,True,True,True,train
2017-11-17,0.9999999999999999,0.09999999999999998,0.3999999999999999,0.20000000000000015,True,True,True,True,train
2017-11-24,0.9999999999999999,0.09999999999999998,0.3999999999999999,0.0,True,True,True,True,train
2017-12-01,1.0,0.07500000000000002,0.42777777777777776,0.25000000000000006,True,True,True,True,train
2017-12-08,1.0,0.03770718232044201,0.4992063492063492,0.24999999999999994,True,True,True,True,train
2017-12-15,1.0,0.08255801104972378,0.42777777777777776,0.25,True,True,True,True,train
2017-12-22,1.0,0.04383087783916517,0.4401175426359455,0.25,True,True,True,True,train
2017-12-29,1.0,0.08508178944830866,0.4106549991318325,0.25000000000000006,True,True,True,True,train
2018-01-05,1.0,0.0,0.44444444444444453,0.1948205354143171,True,True,True,True,train
2018-01-12,1.0,0.0,0.44444444444444453,0.0,True,True,True,True,train
2018-01-19,1.0,0.0,0.5158730158730159,0.24999999999999997,True,True,True,True,train
2018-01-26,1.0,0.0,0.44444444444444453,0.24999999999999997,True,True,True,True,train
2018-02-02,1.0,0.0,0.5158730158730159,0.24999999999999997,True,True,True,True,train
2018-02-09,1.0,0.0,0.5119047619047619,0.24999999999999994,True,True,True,True,train
2018-02-16,1.0,0.0,0.5714285714285715,0.11904761904761922,True,True,True,True,train
2018-02-23,1.0,0.0,0.5535714285714286,0.25,True,True,True,True,train
2018-03-02,1.0,0.0,0.5714285714285715,0.03571428571428581,True,True,True,True,train
2018-03-09,1.0,0.0,0.5714285714285715,0.0,True,True,True,True,train
2018-03-16,1.0,0.0,0.5714285714285715,0.0,True,True,True,True,train
2018-03-23,1.0,0.0,0.5535714285714286,0.25,True,True,True,True,train
2018-03-29,1.0,0.0,0.5714285714285715,0.03571428571428581,True,True,True,True,train
2018-04-06,1.0,0.0,0.5714285714285715,0.0,True,True,True,True,train
2018-04-13,1.0,0.0,0.5714285714285715,0.0,True,True,True,True,train
2018-04-20,1.0,0.0,0.5714285714285715,0.0,True,True,True,True,train
2018-04-27,1.0,0.0,0.5714285714285715,0.0,True,True,True,True,train
2018-05-04,1.0,0.0,0.5535714285714286,0.25,True,True,True,True,train
2018-05-11,1.0,0.0,0.5714285714285715,0.03571428571428581,True,True,True,True,train
2018-05-18,1.0,0.0,0.6964285714285715,0.25,True,True,True,True,train
2018-05-25,1.0,0.0,0.8214285714285715,0.25,True,True,True,True,train
2018-06-01,1.0,0.0,0.9464285714285715,0.25,True,True,True,True,train
2018-06-08,1.0,0.0,1.0,0.10714285714285704,True,True,True,True,train
2018-06-15,1.0,0.0,1.0,0.0,True,True,True,True,train
2018-06-22,1.0,0.0,1.0,0.0,True,True,True,True,train
2018-06-29,1.0,0.0,1.0,0.0,True,True,True,True,train
2018-07-06,1.0,0.0,0.875,0.25,True,True,True,True,train
2018-07-13,1.0,0.0,0.75,0.25,True,True,True,True,train
2018-07-20,1.0,0.0,0.625,0.25000000000000006,True,True,True,True,train
2018-07-27,1.0,0.0,0.5,0.25,True,True,True,True,train
2018-08-03,1.0,0.0,0.44444444444444453,0.111111111111111,True,True,True,True,train
2018-08-10,1.0,0.0,0.44444444444444453,0.0,True,True,True,True,train
2018-08-17,1.0,0.0,0.39583333333333337,0.25,True,True,True,True,train
2018-08-24,1.0,0.0,0.44444444444444453,0.19444444444444453,True,True,True,True,train
2018-08-31,1.0,0.0,0.44444444444444453,0.2222222222222222,True,True,True,True,train
2018-09-07,1.0,0.0,0.44444444444444453,0.2222222222222222,True,True,True,True,train
2018-09-14,1.0,0.0,0.38194444444444453,0.25,True,True,True,True,train
2018-09-21,1.0,0.0,0.45070207570207566,0.2499999999999998,True,True,True,True,train
2018-09-28,1.0,0.0,0.5541819291819291,0.24999999999999978,True,True,True,True,train
2018-10-05,1.0,0.0,0.6791819291819292,0.25,True,True,True,True,train
2018-10-12,1.0,0.0,0.5568815428849091,0.24999999999999997,True,True,True,True,train
2018-10-19,1.0,0.0,0.555826058949989,0.25,True,True,True,True,train
2018-10-26,1.0,0.0,0.680826058949989,0.24999999999999997,True,True,True,True,train
2018-11-02,1.0,0.0,0.805826058949989,0.24999999999999997,True,True,True,True,train
2018-11-09,1.0,0.0,0.930826058949989,0.25,True,True,True,True,train
2018-11-16,1.0,0.0,1.0,0.1383478821000219,True,True,True,True,train
2018-11-23,1.0,0.0,1.0,0.0,True,True,True,True,train
2018-11-30,1.0,0.0,1.0,0.0,True,True,True,True,train
2018-12-07,1.0,0.0,0.875,0.25,True,True,True,True,train
2018-12-14,1.0,0.0,0.75,0.25,True,True,True,True,train
2018-12-21,1.0,0.0,0.625,0.25,True,True,True,True,train
2018-12-28,1.0,0.0,0.5,0.25000000000000006,True,True,True,True,train
2019-01-04,1.0,0.0,0.44444444444444453,0.11111111111111102,True,True,True,True,train
2019-01-11,1.0,0.0,0.44444444444444453,0.0,True,True,True,True,train
2019-01-18,1.0,0.0,0.44444444444444453,0.0,True,True,True,True,train
2019-01-25,1.0,0.0,0.44444444444444453,0.0,True,True,True,True,train
2019-02-01,1.0,0.0,0.44444444444444453,0.22222222222222232,True,True,True,True,train
2019-02-08,1.0,0.0,0.44444444444444453,0.22222222222222232,True,True,True,True,train
2019-02-15,1.0,0.09999999999999999,0.39999999999999997,0.2000000000000002,True,True,True,True,train
2019-02-22,1.0,0.09999999999999999,0.39999999999999997,0.0,True,True,True,True,train
2019-03-01,1.0,0.09999999999999999,0.39999999999999997,0.0,True,True,True,True,train
2019-03-08,1.0,0.0,0.44444444444444453,0.2000000000000002,True,True,True,True,train
2019-03-15,1.0,0.12499999999999992,0.4166666666666667,0.25,True,True,True,True,train
2019-03-22,1.0,0.09999999999999999,0.39999999999999997,0.10833333333333327,True,True,True,True,train
2019-03-29,1.0,0.09999999999999999,0.39999999999999997,0.19999999999999998,True,True,True,True,train
2019-04-05,1.0,0.09999999999999999,0.39999999999999997,0.0,True,True,True,True,train
2019-04-12,1.0,0.09999999999999999,0.39999999999999997,0.0,True,True,True,True,train
2019-04-18,1.0,0.0,0.44444444444444453,0.20000000000000023,True,True,True,True,train
2019-04-26,1.0,0.09999999999999999,0.39999999999999997,0.20000000000000023,True,True,True,True,train
2019-05-03,1.0,0.0,0.44444444444444453,0.20000000000000023,True,True,True,True,train
2019-05-10,1.0,0.0,0.44444444444444453,0.0,True,True,True,True,train
2019-05-17,1.0,0.0,0.44444444444444453,0.22222222222222232,True,True,True,True,train
2019-05-24,1.0,0.0,0.44444444444444453,0.0,True,True,True,True,train
2019-05-31,1.0,0.09722222222222227,0.44444444444444453,0.25,True,True,True,True,train
2019-06-07,1.0,0.09999999999999999,0.39999999999999997,0.15555555555555567,True,True,True,True,train
2019-06-14,1.0,0.09999999999999999,0.39999999999999997,0.0,True,True,True,True,train
2019-06-21,1.0,0.09999999999999999,0.39999999999999997,0.19999999999999996,True,True,True,True,train
2019-06-28,1.0,0.09999999999999999,0.39999999999999997,0.0,True,True,True,True,train
2019-07-05,1.0,0.09999999999999999,0.39999999999999997,0.19999999999999998,True,True,True,True,train
2019-07-12,1.0,0.09999999999999999,0.39999999999999997,0.0,True,True,True,True,train
2019-07-19,1.0,0.09999999999999999,0.39999999999999997,0.19999999999999998,True,True,True,True,train
2019-07-26,1.0,0.09999999999999999,0.39999999999999997,0.19999999999999998,True,True,True,True,train
2019-08-02,1.0,0.09999999999999999,0.39999999999999997,0.19999999999999998,True,True,True,True,train
2019-08-09,1.0,0.09999999999999999,0.39999999999999997,0.0,True,True,True,True,train
2019-08-16,1.0,0.09999999999999999,0.39999999999999997,0.0,True,True,True,True,train
2019-08-23,1.0,0.0,0.44444444444444453,0.2000000000000002,True,True,True,True,train
2019-08-30,1.0,0.09999999999999999,0.39999999999999997,0.2000000000000002,True,True,True,True,train
2019-09-06,1.0,0.09999999999999999,0.39999999999999997,0.0,True,True,True,True,train
2019-09-13,1.0,0.09999999999999999,0.39999999999999997,0.2,True,True,True,True,train
2019-09-20,1.0,0.09999999999999999,0.39999999999999997,0.2,True,True,True,True,train
2019-09-27,1.0,0.09999999999999999,0.39999999999999997,0.0,True,True,True,True,train
2019-10-04,1.0,0.0,0.44444444444444453,0.2000000000000002,True,True,True,True,train
2019-10-11,1.0,0.09999999999999999,0.39999999999999997,0.2000000000000002,True,True,True,True,train
2019-10-18,1.0,0.09999999999999999,0.39999999999999997,0.0,True,True,True,True,train
2019-10-25,1.0,0.09999999999999999,0.39999999999999997,0.0,True,True,True,True,train
2019-11-01,1.0,0.09999999999999999,0.39999999999999997,0.0,True,True,True,True,train
2019-11-08,1.0,0.15833333333333333,0.35833333333333334,0.24999999999999997,True,True,True,True,train
2019-11-15,1.0,0.11666666666666664,0.35000000000000003,0.2500000000000001,True,True,True,True,train
2019-11-22,1.0,0.10000000000000002,0.4000000000000001,0.09999999999999988,True,True,True,True,train
2019-11-29,1.0,0.10000000000000002,0.4000000000000001,0.0,True,True,True,True,train
2019-12-06,1.0,0.09999999999999999,0.39999999999999997,0.2000000000000001,True,True,True,True,train
2019-12-13,1.0,0.10000000000000002,0.4000000000000001,0.2000000000000001,True,True,True,True,train
2019-12-20,1.0,0.10000000000000002,0.4000000000000001,0.0,True,True,True,True,train
2019-12-27,1.0,0.10000000000000002,0.4000000000000001,0.0,True,True,True,True,train
2020-01-03,1.0,0.13750000000000004,0.4,0.25,True,True,True,True,train
2020-01-10,1.0,0.09999999999999999,0.39999999999999997,0.12500000000000006,True,True,True,True,train
2020-01-17,1.0,0.13749999999999998,0.3625,0.25,True,True,True,True,train
2020-01-24,1.0,0.11071428571428572,0.3892857142857143,0.25,True,True,True,True,train
2020-01-31,1.0,0.11428571428571424,0.39890109890109887,0.25,True,True,True,True,train
2020-02-07,1.0,0.09999999999999999,0.39999999999999997,0.028571428571428484,True,True,True,True,train
2020-02-14,1.0,0.09999999999999999,0.39999999999999997,0.19999999999999996,True,True,True,True,train
2020-02-21,1.0,0.09999999999999999,0.39999999999999997,0.0,True,True,True,True,train
2020-02-28,1.0,0.025,0.40833333333333327,0.24999999999999992,True,True,True,True,train
2020-03-06,1.0,0.0,0.44444444444444453,0.08333333333333348,True,True,True,True,train
2020-03-13,1.0,0.0,0.44444444444444453,0.2222222222222222,True,True,True,True,train
2020-03-20,1.0,0.0,0.45833333333333326,0.25,True,True,True,True,train
2020-03-27,1.0,0.0,0.44444444444444453,0.2333333333333331,True,True,True,True,train
2020-04-03,1.0,0.0,0.44444444444444453,0.0,True,True,True,True,train
2020-04-09,1.0,0.0,0.44444444444444453,0.0,True,True,True,True,train
2020-04-17,1.0,0.0,0.38194444444444453,0.24999999999999994,True,True,True,True,train
2020-04-24,1.0,0.0,0.39583333333333337,0.24999999999999994,True,True,True,True,train
2020-05-01,1.0,0.0,0.44444444444444453,0.09722222222222232,True,True,True,True,train
2020-05-08,1.0,0.0,0.44444444444444453,0.0,True,True,True,True,train
2020-05-15,1.0,0.0,0.44444444444444453,0.0,True,True,True,True,train
2020-05-22,1.0,0.0,0.44444444444444453,0.0,True,True,True,True,train
2020-05-29,1.0,0.0,0.44444444444444453,0.0,True,True,True,True,train
2020-06-05,1.0,0.09999999999999999,0.39999999999999997,0.2000000000000002,True,True,True,True,train
2020-06-12,1.0,0.09999999999999999,0.39999999999999997,0.0,True,True,True,True,train
2020-06-19,1.0,0.09999999999999999,0.39999999999999997,0.0,True,True,True,True,train
2020-06-26,1.0,0.09999999999999999,0.39999999999999997,0.0,True,True,True,True,train
2020-07-02,1.0,0.09999999999999999,0.39999999999999997,0.0,True,True,True,True,train
2020-07-10,1.0,0.09999999999999999,0.39999999999999997,0.0,True,True,True,True,train
2020-07-17,1.0,0.09999999999999999,0.39999999999999997,0.0,True,True,True,True,train
2020-07-24,1.0,0.09999999999999999,0.39999999999999997,0.0,True,True,True,True,train
2020-07-31,1.0,0.09999999999999999,0.39999999999999997,0.0,True,True,True,True,train
2020-08-07,1.0,0.09999999999999999,0.39999999999999997,0.0,True,True,True,True,train
2020-08-14,1.0,0.09999999999999999,0.39999999999999997,0.19999999999999998,True,True,True,True,train
2020-08-21,1.0,0.09999999999999999,0.39999999999999997,0.0,True,True,True,True,train
2020-08-28,1.0,0.09999999999999999,0.39999999999999997,0.2,True,True,True,True,train
2020-09-04,1.0,0.09999999999999999,0.39999999999999997,0.0,True,True,True,True,train
2020-09-11,1.0,0.1625,0.4000000000000001,0.2500000000000001,True,True,True,True,train
2020-09-18,1.0,0.10681818181818185,0.39999999999999997,0.25,True,True,True,True,train
2020-09-25,1.0,0.09999999999999999,0.39999999999999997,0.1886363636363636,True,True,True,True,train
2020-10-02,1.0,0.09999999999999999,0.39999999999999997,0.0,True,True,True,True,train
2020-10-09,1.0,0.13749999999999998,0.39999999999999997,0.25,True,True,True,True,train
2020-10-16,1.0,0.09999999999999999,0.39999999999999997,0.12499999999999999,True,True,True,True,train
2020-10-23,1.0,0.09999999999999999,0.39999999999999997,0.2,True,True,True,True,train
2020-10-30,1.0,0.13749999999999998,0.39999999999999997,0.25,True,True,True,True,train
2020-11-06,1.0000000000000002,0.11250000000000002,0.4000000000000001,0.2500000000000002,True,True,True,True,train
2020-11-13,1.0,0.1681818181818182,0.4,0.24999999999999994,True,True,True,True,train
2020-11-20,1.0,0.09999999999999999,0.39999999999999997,0.13636363636363646,True,True,True,True,train
2020-11-27,1.0,0.09999999999999999,0.39999999999999997,0.0,True,True,True,True,train
2020-12-04,1.0,0.09999999999999999,0.39999999999999997,0.0,True,True,True,True,train
2020-12-11,1.0,0.09999999999999999,0.39999999999999997,0.0,True,True,True,True,train
2020-12-18,1.0,0.09999999999999999,0.39999999999999997,0.0,True,True,True,True,train
2020-12-24,1.0,0.09999999999999999,0.39999999999999997,0.0,True,True,True,True,train
2020-12-31,1.0,0.10000000000000002,0.4000000000000001,0.2000000000000001,True,True,True,True,train
2021-01-08,1.0,0.10000000000000002,0.4000000000000001,0.0,True,True,True,True,train
2021-01-15,1.0,0.09999999999999999,0.39999999999999997,0.2000000000000001,True,True,True,True,train
2021-01-22,1.0,0.10000000000000002,0.4000000000000001,0.2000000000000001,True,True,True,True,train
2021-01-29,1.0,0.09999999999999999,0.39999999999999997,0.2000000000000001,True,True,True,True,train
2021-02-05,1.0,0.0,0.44444444444444453,0.20000000000000023,True,True,True,True,train
2021-02-12,1.0,0.0,0.44444444444444453,0.0,True,True,True,True,train
2021-02-19,1.0,0.0,0.5158730158730159,0.24999999999999997,True,True,True,True,train
2021-02-26,1.0,0.0,0.5119047619047619,0.24999999999999994,True,True,True,True,train
2021-03-05,1.0,0.0,0.5714285714285715,0.11904761904761922,True,True,True,True,train
2021-03-12,1.0,0.0,0.5714285714285715,0.0,True,True,True,True,train
2021-03-19,1.0,0.0,0.5714285714285715,0.0,True,True,True,True,train
2021-03-26,1.0,0.0,0.5714285714285715,0.0,True,True,True,True,train
2021-04-01,1.0,0.0,0.5714285714285715,0.0,True,True,True,True,train
2021-04-09,1.0,0.0,0.5714285714285715,0.0,True,True,True,True,train
2021-04-16,1.0,0.0,0.5714285714285715,0.0,True,True,True,True,train
2021-04-23,1.0,0.0,0.5714285714285715,0.0,True,True,True,True,train
2021-04-30,1.0,0.0,0.5714285714285715,0.0,True,True,True,True,train
2021-05-07,1.0,0.0,0.5,0.2500000000000001,True,True,True,True,train
2021-05-14,1.0,0.0,0.44444444444444453,0.19444444444444436,True,True,True,True,train
2021-05-21,0.9999999999999999,0.0,0.44444444444444436,0.2222222222222224,True,True,True,True,train
2021-05-28,0.9999999999999999,0.0,0.44444444444444436,0.0,True,True,True,True,train
2021-06-04,0.9999999999999999,0.0,0.44444444444444436,0.0,True,True,True,True,train
2021-06-11,1.0,0.07031250000000001,0.4131944444444445,0.24999999999999997,True,True,True,True,train
2021-06-18,1.0,0.13781342182890857,0.42646878072763034,0.25,True,True,True,True,train
2021-06-25,1.0,0.08395507468574265,0.4831199735197555,0.24999999999999997,True,True,True,True,train
2021-07-02,1.0,0.0,0.44444444444444453,0.24526120752210728,True,True,True,True,train
2021-07-09,1.0,0.10000000000000002,0.4000000000000001,0.2,True,True,True,True,train
2021-07-16,1.0,0.1,0.4,0.20000000000000012,True,True,True,True,train
2021-07-23,0.9999999999999999,0.029687500000000012,0.43124999999999997,0.24999999999999994,True,True,True,True,train
2021-07-30,1.0,0.0,0.44444444444444453,0.10555555555555571,True,True,True,True,train
2021-08-06,0.9999999999999999,0.0,0.44444444444444436,0.2222222222222224,True,True,True,True,train
2021-08-13,0.9999999999999999,0.0,0.44444444444444436,0.0,True,True,True,True,train
2021-08-20,0.9999999999999999,0.0,0.44444444444444436,0.0,True,True,True,True,train
2021-08-27,0.9999999999999999,0.0,0.44444444444444436,0.0,True,True,True,True,train
2021-09-03,0.9999999999999999,0.0,0.44444444444444436,0.0,True,True,True,True,train
2021-09-10,0.9999999999999999,0.0,0.44444444444444436,0.0,True,True,True,True,train
2021-09-17,1.0,0.0,0.44444444444444453,0.2222222222222224,True,True,True,True,train
2021-09-24,0.9999999999999999,0.0,0.44444444444444436,0.2222222222222224,True,True,True,True,train
2021-10-01,1.0,0.0,0.44444444444444453,0.2222222222222224,True,True,True,True,train
2021-10-08,1.0,0.0,0.5694444444444444,0.24999999999999997,True,True,True,True,train
2021-10-15,1.0,0.0,0.6944444444444444,0.24999999999999997,True,True,True,True,train
2021-10-22,1.0,0.0,0.8194444444444444,0.24999999999999997,True,True,True,True,train
2021-10-29,1.0,0.0,0.9444444444444444,0.24999999999999997,True,True,True,True,train
2021-11-05,1.0,0.02552083333333335,0.8272569444444444,0.24999999999999997,True,True,True,True,train
2021-11-12,1.0,0.017047513175230577,0.7423178798858147,0.25,True,True,True,True,train
2021-11-19,1.0,0.008574193017127803,0.6573788153271849,0.25,True,True,True,True,train
2021-11-26,1.0,0.0054460323105315015,0.7823788153271849,0.24999999999999997,True,True,True,True,train
2021-12-03,1.0,0.003778617728841722,0.7177920680162356,0.24999999999999997,True,True,True,True,train
2021-12-10,1.0,0.0021049326102661444,0.8427920680162356,0.25000000000000006,True,True,True,True,train
2021-12-17,1.0,0.0013625275786519888,0.7470827686873511,0.25,True,True,True,True,train
2021-12-23,0.9999999999999999,0.000620122547037833,0.6513734693584665,0.25000000000000006,True,True,True,True,train
2021-12-31,1.0,0.0,0.5714285714285715,0.20882217948117449,True,True,True,True,train
2022-01-07,1.0,0.0,0.5714285714285715,0.0,True,True,True,True,train
2022-01-14,1.0,0.0,0.5714285714285715,0.0,True,True,True,True,train
2022-01-21,1.0,0.0,0.5535714285714286,0.25,True,True,True,True,train
2022-01-28,1.0,0.0375,0.484375,0.25000000000000006,True,True,True,True,train
2022-02-04,1.0,0.028409090909090908,0.609375,0.25,True,True,True,True,train
2022-02-11,1.0,0.019318181818181818,0.734375,0.25,True,True,True,True,train
2022-02-18,1.0,0.010227272727272727,0.859375,0.25,True,True,True,True,train
2022-02-25,1.0,0.0011363636363636367,0.984375,0.25,True,True,True,True,train
2022-03-04,1.0,0.0,1.0,0.03125,True,True,True,True,train
2022-03-11,1.0,0.0,1.0,0.0,True,True,True,True,train
2022-03-18,1.0,0.0,1.0,0.0,True,True,True,True,train
2022-03-25,1.0,0.0,1.0,0.0,True,True,True,True,train
2022-04-01,1.0,0.0,1.0,0.0,True,True,True,True,train
2022-04-08,1.0,0.0,1.0,0.0,True,True,True,True,train
2022-04-14,1.0,0.0,1.0,0.0,True,True,True,True,train
2022-04-22,1.0,0.0,1.0,0.0,True,True,True,True,train
2022-04-29,1.0,0.0,1.0,0.0,True,True,True,True,train
2022-05-06,1.0,0.0,1.0,0.0,True,True,True,True,train
2022-05-13,1.0,0.0,0.875,0.25,True,True,True,True,train
2022-05-20,1.0,0.0,0.75,0.25,True,True,True,True,train
2022-05-27,1.0,0.0,0.625,0.24999999999999994,True,True,True,True,train
2022-06-03,1.0,0.0,0.5,0.25,True,True,True,True,train
2022-06-10,1.0,0.0,0.4375,0.25,True,True,True,True,train
2022-06-17,1.0,0.0,0.525,0.25,True,True,True,True,train
2022-06-24,1.0,0.0,0.6125,0.2500000000000001,True,True,True,True,train
2022-07-01,1.0,0.0,0.7,0.24999999999999986,True,True,True,True,train
2022-07-08,1.0,0.0,0.7,0.0,True,True,True,True,train
2022-07-15,1.0,0.0,0.7,0.0,True,True,True,True,train
2022-07-22,1.0,0.0,0.7,0.0,True,True,True,True,train
2022-07-29,1.0,0.0,0.7,0.0,True,True,True,True,train
2022-08-05,1.0,0.0,0.7,0.0,True,True,True,True,train
2022-08-12,1.0,0.0,0.7,0.0,True,True,True,True,train
2022-08-19,1.0,0.0,0.7,0.0,True,True,True,True,train
2022-08-26,1.0,0.0,0.7,0.0,True,True,True,True,train
2022-09-02,1.0,0.0,0.7,0.0,True,True,True,True,train
2022-09-09,1.0,0.0,0.7,0.0,True,True,True,True,train
2022-09-16,1.0,0.0,0.7,0.0,True,True,True,True,train
2022-09-23,1.0,0.0,0.7,0.0,True,True,True,True,train
2022-09-30,1.0,0.0,0.7,0.0,True,True,True,True,train
2022-10-07,1.0,0.0,0.7,0.0,True,True,True,True,train
2022-10-14,1.0,0.0,0.7,0.0,True,True,True,True,train
2022-10-21,1.0,0.0,0.7,0.0,True,True,True,True,train
2022-10-28,1.0,0.0,0.7,0.0,True,True,True,True,train
2022-11-04,1.0,0.0,0.7,0.0,True,True,True,True,train
2022-11-11,1.0,0.0,0.7,0.0,True,True,True,True,train
2022-11-18,1.0,0.0,0.7,0.0,True,True,True,True,train
2022-11-25,1.0,0.0,0.7,0.0,True,True,True,True,train
2022-12-02,1.0,0.053571428571428575,0.6124999999999999,0.25,True,True,True,True,train
2022-12-09,1.0,0.04635989010989011,0.5300480769230769,0.24999999999999997,True,True,True,True,train
2022-12-16,1.0,0.03914835164835165,0.4475961538461538,0.25,True,True,True,True,train
2022-12-23,1.0,0.11527617119722385,0.3703007518796993,0.25000000000000006,True,True,True,True,train
2022-12-30,1.0,0.11682692307692308,0.41917293233082714,0.25000000000000006,True,True,True,True,train
2023-01-06,1.0,0.07932692307692307,0.46804511278195493,0.24999999999999992,True,True,True,True,train
2023-01-13,1.0,0.1,0.4,0.1360902255639099,True,True,True,True,train
2023-01-20,1.0,0.1,0.4,0.0,True,True,True,True,train
2023-01-27,1.0,0.1,0.4,0.0,True,True,True,True,train
2023-02-03,1.0,0.1,0.4,0.0,True,True,True,True,train
2023-02-10,0.9999999999999999,0.0,0.44444444444444436,0.1999999999999998,True,True,True,True,train
2023-02-17,1.0000000000000002,0.0,0.5158730158730159,0.2500000000000001,True,True,True,True,train
2023-02-24,1.0,0.0,0.6408730158730158,0.24999999999999994,True,True,True,True,train
2023-03-03,1.0,0.0,0.5795541578110939,0.25000000000000006,True,True,True,True,train
2023-03-10,1.0,0.0,0.7045541578110939,0.25,True,True,True,True,train
2023-03-17,1.0,0.0,0.665181089043812,0.25,True,True,True,True,train
2023-03-24,1.0,0.06773778897708467,0.5753671857919957,0.25,True,True,True,True,train
2023-03-31,1.0,0.09073397472102265,0.4503671857919958,0.25,True,True,True,True,train
2023-04-06,1.0,0.09999999999999999,0.39999999999999997,0.2253147981239918,True,True,True,True,train
2023-04-14,1.0,0.1,0.3375,0.25,True,True,True,True,train
2023-04-21,1.0,0.1,0.4,0.14999999999999997,True,True,True,True,train
2023-04-28,1.0,0.09999999999999999,0.3625,0.24999999999999994,True,True,True,True,train
2023-05-05,1.0,0.09999999999999999,0.39999999999999997,0.15,True,True,True,True,train
2023-05-12,1.0,0.09999999999999999,0.39999999999999997,0.0,True,True,True,True,train
2023-05-19,1.0,0.1,0.4,0.20000000000000012,True,True,True,True,train
2023-05-26,1.0,0.1,0.4,0.0,True,True,True,True,train
2023-06-02,1.0,0.09999999999999999,0.39999999999999997,0.20000000000000012,True,True,True,True,train
2023-06-09,1.0,0.04886363636363635,0.3659090909090909,0.25,True,True,True,True,train
2023-06-16,0.9999999999999999,0.0,0.44444444444444436,0.23888888888888882,True,True,True,True,train
2023-06-23,1.0,0.0,0.44444444444444453,0.2222222222222224,True,True,True,True,train
2023-06-30,1.0,0.07031249999999999,0.4131944444444445,0.25000000000000006,True,True,True,True,train
2023-07-07,1.0,0.041951155462184864,0.47701997465652934,0.25,True,True,True,True,train
2023-07-14,0.9999999999999999,0.0,0.44444444444444436,0.1585550887021476,True,True,True,True,train
2023-07-21,0.9999999999999999,0.0,0.44444444444444436,0.0,True,True,True,True,train
2023-07-28,1.0000000000000002,0.0,0.5158730158730159,0.2500000000000001,True,True,True,True,train
2023-08-04,1.0,0.0,0.6408730158730158,0.24999999999999994,True,True,True,True,train
2023-08-11,1.0,0.0,0.7658730158730158,0.25,True,True,True,True,train
2023-08-18,1.0,0.0,0.6408730158730158,0.25,True,True,True,True,train
2023-08-25,1.0,0.0,0.5158730158730158,0.25,True,True,True,True,train
2023-09-01,0.9999999999999999,0.0,0.44444444444444436,0.14285714285714277,True,True,True,True,train
2023-09-08,0.9999999999999999,0.0,0.44444444444444436,0.0,True,True,True,True,train
2023-09-15,0.9999999999999999,0.0,0.44444444444444436,0.0,True,True,True,True,train
2023-09-22,0.9999999999999999,0.0,0.44444444444444436,0.0,True,True,True,True,train
2023-09-29,1.0,0.0,0.4920634920634921,0.25000000000000006,True,True,True,True,train
2023-10-06,1.0,0.0,0.5396825396825398,0.25000000000000006,True,True,True,True,train
2023-10-13,1.0,0.0,0.453968253968254,0.25,True,True,True,True,train
2023-10-20,1.0,0.0,0.36272026584526584,0.24999999999999994,True,True,True,True,train
2023-10-27,0.9999999999999998,0.0,0.40828962703962696,0.24999999999999983,True,True,True,True,train
2023-11-03,1.0,0.0,0.44444444444444453,0.10881757131757142,True,True,True,True,train
2023-11-10,1.0,0.0,0.39583333333333337,0.25,True,True,True,True,train
2023-11-17,1.0,0.06923076923076922,0.3752136752136752,0.25,True,True,True,True,train
2023-11-24,1.0,0.02960258919163028,0.3512410724739492,0.25,True,True,True,True,train
2023-12-01,1.0,0.08785221482514695,0.39158615394882856,0.25,True,True,True,True,train
2023-12-08,1.0,0.09577801277849073,0.3395497135415423,0.25,True,True,True,True,train
2023-12-15,1.0,0.14158615394882862,0.38490934054648734,0.25,True,True,True,True,train
2023-12-22,1.0,0.10000000000000002,0.4000000000000001,0.0831723078976573,True,True,True,True,train
2023-12-29,1.0,0.10000000000000002,0.4000000000000001,0.0,True,True,True,True,train
2024-01-05,1.0,0.1375,0.3625,0.25,True,True,True,True,train
2024-01-12,1.0,0.09999999999999999,0.39999999999999997,0.2,True,True,True,True,train
2024-01-19,1.0,0.09999999999999999,0.39999999999999997,0.0,True,True,True,True,train
2024-01-26,1.0,0.10000000000000002,0.4000000000000001,0.2000000000000001,True,True,True,True,train
2024-02-02,1.0,0.10000000000000002,0.4000000000000001,0.0,True,True,True,True,train
2024-02-09,1.0,0.09999999999999999,0.39999999999999997,0.20000000000000018,True,True,True,True,train
2024-02-16,1.0,0.09999999999999999,0.39999999999999997,0.0,True,True,True,True,train
2024-02-23,1.0,0.09999999999999999,0.39999999999999997,0.0,True,True,True,True,train
2024-03-01,1.0,0.09999999999999999,0.39999999999999997,0.0,True,True,True,True,train
2024-03-08,1.0,0.09999999999999999,0.39999999999999997,0.0,True,True,True,True,train
2024-03-15,1.0,0.1,0.4,0.20000000000000012,True,True,True,True,train
2024-03-22,1.0,0.09999999999999999,0.39999999999999997,0.20000000000000012,True,True,True,True,train
2024-03-28,1.0,0.1,0.4,0.20000000000000012,True,True,True,True,train
2024-04-05,1.0,0.1,0.4,0.0,True,True,True,True,train
2024-04-12,1.0,0.02500000000000001,0.4083333333333333,0.24999999999999994,True,True,True,True,train
2024-04-19,1.0,0.1,0.4,0.14999999999999997,True,True,True,True,train
2024-04-26,1.0,0.1,0.4,0.19999999999999996,True,True,True,True,train
2024-05-03,1.0,0.1,0.4,0.0,True,True,True,True,train
2024-05-10,1.0,0.1,0.4,0.19999999999999996,True,True,True,True,train
2024-05-17,1.0,0.1,0.4,0.0,True,True,True,True,train
2024-05-24,1.0,0.1,0.4,0.19999999999999996,True,True,True,True,train
2024-05-31,1.0,0.1,0.4,0.0,True,True,True,True,train
2024-06-07,1.0,0.09999999999999999,0.39999999999999997,0.20000000000000012,True,True,True,True,train
2024-06-14,1.0,0.09999999999999999,0.39999999999999997,0.0,True,True,True,True,train
2024-06-21,1.0,0.09999999999999999,0.39999999999999997,0.0,True,True,True,True,train
2024-06-28,1.0,0.09999999999999999,0.39999999999999997,0.0,True,True,True,True,train
2024-07-05,1.0,0.09999999999999999,0.39999999999999997,0.0,True,True,True,True,train
2024-07-12,1.0,0.09999999999999999,0.39999999999999997,0.0,True,True,True,True,train
2024-07-19,1.0,0.09999999999999999,0.39999999999999997,0.19999999999999996,True,True,True,True,train
2024-07-26,1.0,0.09999999999999999,0.39999999999999997,0.19999999999999998,True,True,True,True,train
2024-08-02,1.0,0.1625,0.4000000000000001,0.2500000000000001,True,True,True,True,train
2024-08-09,1.0,0.10681818181818185,0.39999999999999997,0.25,True,True,True,True,train
2024-08-16,1.0,0.09999999999999999,0.39999999999999997,0.025000000000000133,True,True,True,True,train
2024-08-23,1.0,0.09999999999999999,0.39999999999999997,0.0,True,True,True,True,train
2024-08-30,1.0,0.09999999999999999,0.39999999999999997,0.0,True,True,True,True,train
2024-09-06,1.0,0.09999999999999999,0.39999999999999997,0.2,True,True,True,True,train
2024-09-13,1.0,0.09999999999999999,0.39999999999999997,0.0,True,True,True,True,train
2024-09-20,1.0,0.09999999999999999,0.39999999999999997,0.0,True,True,True,True,train
2024-09-27,1.0,0.09999999999999999,0.39999999999999997,0.0,True,True,True,True,train
2024-10-04,1.0,0.09999999999999999,0.39999999999999997,0.2,True,True,True,True,train
2024-10-11,1.0,0.09999999999999999,0.39999999999999997,0.0,True,True,True,True,train
2024-10-18,1.0,0.1375,0.36250000000000004,0.25,True,True,True,True,train
2024-10-25,1.0,0.11071428571428572,0.3892857142857143,0.24999999999999994,True,True,True,True,train
2024-11-01,1.0,0.1,0.4,0.10000000000000007,True,True,True,True,train
2024-11-08,1.0,0.09999999999999999,0.3625,0.24999999999999994,True,True,True,True,train
2024-11-15,1.0,0.1,0.3875,0.25,True,True,True,True,train
2024-11-22,1.0,0.09999999999999999,0.39999999999999997,0.025000000000000036,True,True,True,True,train
2024-11-29,1.0,0.09999999999999999,0.39999999999999997,0.0,True,True,True,True,train
2024-12-06,1.0,0.09999999999999999,0.39999999999999997,0.19999999999999996,True,True,True,True,train
2024-12-13,1.0,0.0,0.44444444444444453,0.2000000000000002,True,True,True,True,train
2024-12-20,1.0,0.0,0.39583333333333337,0.25,True,True,True,True,train
2024-12-27,1.0,0.0,0.40972222222222215,0.25,True,True,True,True,train
2025-01-03,1.0,0.0,0.44444444444444453,0.0,True,True,True,True,test
2025-01-10,1.0,0.0,0.44444444444444453,0.22222222222222232,True,True,True,True,test
2025-01-17,1.0,0.0,0.44444444444444453,0.0,True,True,True,True,test
2025-01-24,1.0,0.09999999999999999,0.39999999999999997,0.20000000000000023,True,True,True,True,test
2025-01-31,1.0,0.09999999999999999,0.39999999999999997,0.0,True,True,True,True,test
2025-02-07,1.0,0.1,0.4,0.20000000000000012,True,True,True,True,test
2025-02-14,1.0,0.09999999999999999,0.39999999999999997,0.20000000000000012,True,True,True,True,test
2025-02-21,1.0,0.09999999999999999,0.39999999999999997,0.0,True,True,True,True,test
2025-02-28,1.0,0.13749999999999998,0.3625,0.25,True,True,True,True,test
2025-03-07,1.0,0.09999999999999999,0.39999999999999997,0.25,True,True,True,True,test
2025-03-14,1.0,0.09999999999999999,0.39999999999999997,0.19999999999999998,True,True,True,True,test
2025-03-21,1.0,0.09999999999999999,0.39999999999999997,0.0,True,True,True,True,test
2025-03-28,1.0,0.0,0.44444444444444453,0.20000000000000023,True,True,True,True,test
2025-04-04,1.0,0.0,0.44444444444444453,0.22222222222222232,True,True,True,True,test
2025-04-11,1.0,0.0,0.44444444444444453,0.22222222222222232,True,True,True,True,test
2025-04-17,1.0,0.0,0.44444444444444453,0.0,True,True,True,True,test
2025-04-25,1.0,0.0,0.44444444444444453,0.22222222222222232,True,True,True,True,test
2025-05-02,1.0,0.09999999999999999,0.39999999999999997,0.20000000000000023,True,True,True,True,test
2025-05-09,1.0,0.09999999999999999,0.39999999999999997,0.0,True,True,True,True,test
2025-05-16,1.0,0.09999999999999999,0.39999999999999997,0.0,True,True,True,True,test
2025-05-23,1.0,0.09999999999999999,0.39999999999999997,0.19999999999999998,True,True,True,True,test
2025-05-30,1.0,0.09999999999999999,0.39999999999999997,0.0,True,True,True,True,test
2025-06-06,1.0,0.09999999999999999,0.39999999999999997,0.19999999999999996,True,True,True,True,test
2025-06-13,1.0,0.09999999999999999,0.39999999999999997,0.0,True,True,True,True,test
2025-06-20,1.0,0.09999999999999999,0.39999999999999997,0.19999999999999996,True,True,True,True,test
2025-06-27,1.0,0.09999999999999999,0.39999999999999997,0.0,True,True,True,True,test
2025-07-03,1.0,0.09999999999999999,0.39999999999999997,0.19999999999999996,True,True,True,True,test
2025-07-11,1.0,0.09999999999999999,0.39999999999999997,0.19999999999999996,True,True,True,True,test
2025-07-18,1.0,0.10000000000000002,0.3375,0.24999999999999994,True,True,True,True,test
2025-07-25,1.0,0.09999999999999999,0.39999999999999997,0.15000000000000008,True,True,True,True,test
2025-08-01,1.0,0.09999999999999999,0.39999999999999997,0.0,True,True,True,True,test
2025-08-08,1.0,0.1,0.4,0.20000000000000012,True,True,True,True,test
2025-08-15,1.0,0.09999999999999999,0.3375,0.25,True,True,True,True,test
2025-08-22,1.0,0.09999999999999999,0.39999999999999997,0.15000000000000008,True,True,True,True,test
2025-08-29,1.0,0.10000000000000002,0.3375,0.24999999999999994,True,True,True,True,test
2025-09-05,1.0,0.09999999999999999,0.39999999999999997,0.12500000000000006,True,True,True,True,test
2025-09-12,1.0,0.09999999999999999,0.39999999999999997,0.2,True,True,True,True,test
2025-09-19,1.0,0.1,0.3625,0.25,True,True,True,True,test
2025-09-26,1.0,0.09999999999999999,0.3682692307692308,0.25000000000000006,True,True,True,True,test
2025-10-03,0.9999999999999999,0.09999999999999998,0.36249999999999993,0.25000000000000006,True,True,True,True,test
2025-10-10,1.0,0.14492291334396598,0.3086770853977332,0.25,True,True,True,True,test
2025-10-17,1.0,0.1266547049441786,0.38189973544224554,0.25,True,True,True,True,test
2025-10-24,1.0,0.17213175865316926,0.3931226326003177,0.25000000000000017,True,True,True,True,test
2025-10-31,1.0,0.09999999999999999,0.39999999999999997,0.15319946585128752,True,True,True,True,test
2025-11-07,1.0,0.09999999999999999,0.39999999999999997,0.0,True,True,True,True,test
2025-11-14,1.0,0.09999999999999999,0.39999999999999997,0.19999999999999998,True,True,True,True,test
2025-11-21,1.0,0.09999999999999999,0.39999999999999997,0.2,True,True,True,True,test
2025-11-28,1.0,0.09999999999999999,0.39999999999999997,0.0,True,True,True,True,test
2025-12-05,1.0,0.09999999999999999,0.39999999999999997,0.19999999999999996,True,True,True,True,test
2025-12-12,1.0,0.09999999999999999,0.39999999999999997,0.19999999999999998,True,True,True,True,test
2025-12-19,1.0,0.09999999999999999,0.39999999999999997,0.19999999999999998,True,True,True,True,test
2025-12-26,1.0,0.09999999999999999,0.39999999999999997,0.19999999999999998,True,True,True,True,test
2025-12-31,1.0,0.09999999999999999,0.39999999999999997,0.19999999999999996,True,True,True,True,test
