,ACWI,AGG,GLD,BSV
2008-03-28,0.1875,0.2625,0.1875,0.3625
2008-04-04,0.125,0.275,0.125,0.475
2008-04-11,0.062499999999999986,0.28750000000000003,0.062499999999999986,0.5875
2008-04-18,0.0,0.3,0.0,0.7
2008-04-25,0.0,0.3,0.0,0.7
2008-05-02,0.0,0.3,0.0,0.7
2008-05-09,0.0,0.3,0.0,0.7
2008-05-16,0.0,0.3,0.0,0.7
2008-05-23,0.0,0.3,0.0,0.7
2008-05-30,0.0,0.3,0.0,0.7
2008-06-06,0.0,0.3,0.0,0.7
2008-06-13,0.0,0.3,0.0,0.7
2008-06-20,0.0,0.3,0.0,0.7
2008-06-27,0.0,0.3,0.0,0.7
2008-07-03,0.0,0.3,0.0,0.7
2008-07-11,0.0,0.3,0.0,0.7
2008-07-18,0.0,0.3,0.0,0.7
2008-07-25,0.0,0.3,0.0,0.7
2008-08-01,0.0,0.3,0.0,0.7
2008-08-08,0.0,0.3,0.0,0.7
2008-08-15,0.0,0.3,0.0,0.7
2008-08-22,0.0,0.3,0.0,0.7
2008-08-29,0.0,0.3,0.0,0.7
2008-09-05,0.0,0.3,0.0,0.7
2008-09-12,0.0,0.3,0.0,0.7
2008-09-19,0.0,0.3,0.0,0.7
2008-09-26,0.0,0.3,0.0,0.7
2008-10-03,0.0,0.3,0.0,0.7
2008-10-10,0.0,0.3,0.0,0.7
2008-10-17,0.0,0.3,0.0,0.7
2008-10-24,0.0,0.3,0.0,0.7
2008-10-31,0.0,0.3,0.0,0.7
2008-11-07,0.0,0.3,0.0,0.7
2008-11-14,0.0,0.3,0.0,0.7
2008-11-21,0.0,0.3,0.0,0.7
2008-11-28,0.0,0.3,0.0,0.7
2008-12-05,0.0,0.3,0.0,0.7
2008-12-12,0.0,0.3,0.0,0.7
2008-12-19,0.0,0.3,0.0,0.7
2008-12-26,0.0,0.3,0.0,0.7
2009-01-02,0.0,0.3,0.0,0.7
2009-01-09,0.0,0.3,0.0,0.7
2009-01-16,0.0,0.3,0.0,0.7
2009-01-23,0.0,0.3,0.0,0.7
2009-01-30,0.0,0.3,0.0,0.7
2009-02-06,0.0,0.3,0.0,0.7
2009-02-13,0.0,0.3,0.0,0.7
2009-02-20,0.0,0.3,0.0,0.7
2009-02-27,0.0,0.3,0.0,0.7
2009-03-06,0.0,0.3,0.0,0.7
2009-03-13,0.0,0.3,0.0,0.7
2009-03-20,0.0,0.3,0.0,0.7
2009-03-27,0.0,0.278125,0.12500000000000003,0.5968749999999999
2009-04-03,0.0,0.3233983485193622,0.20472665148063787,0.47187500000000004
2009-04-09,0.0,0.38761390087382275,0.07972665148063784,0.5326594476455395
2009-04-17,0.0,0.3399978879181226,0.20472665148063787,0.4552754606012397
2009-04-24,0.0,0.33333333333333337,0.22222222222222227,0.44444444444444453
2009-05-01,0.0,0.33333333333333337,0.22222222222222227,0.44444444444444453
2009-05-08,0.09999999999999999,0.3,0.19999999999999998,0.39999999999999997
2009-05-15,0.09999999999999999,0.39999999999999997,0.19999999999999998,0.3
2009-05-22,0.09999999999999999,0.3,0.19999999999999998,0.39999999999999997
2009-05-29,0.09999999999999999,0.3,0.19999999999999998,0.39999999999999997
2009-06-05,0.19375,0.2375,0.23125,0.33749999999999997
2009-06-12,0.31875,0.15416666666666665,0.21231060606060606,0.31477272727272726
2009-06-19,0.30086705202312136,0.1978805394990366,0.10519355403748465,0.3960588544403573
2009-06-26,0.3,0.19999999999999998,0.09999999999999999,0.39999999999999997
2009-07-02,0.17500000000000002,0.2625,0.1625,0.4000000000000001
2009-07-10,0.05000000000000003,0.31309523809523804,0.20515873015873012,0.4317460317460317
2009-07-17,0.09315068493150686,0.21549249836921067,0.28700804522722334,0.4043487714720591
2009-07-24,0.16294785554681282,0.27069532775390476,0.16484879291201399,0.4015080237872685
2009-07-31,0.19999999999999998,0.3,0.09999999999999999,0.39999999999999997
2009-08-07,0.3,0.19999999999999998,0.09999999999999999,0.39999999999999997
2009-08-14,0.4000000000000001,0.20000000000000004,0.10000000000000002,0.30000000000000004
2009-08-21,0.4000000000000001,0.20000000000000004,0.10000000000000002,0.30000000000000004
2009-08-28,0.4000000000000001,0.20000000000000004,0.10000000000000002,0.30000000000000004
2009-09-04,0.3,0.19999999999999998,0.09999999999999999,0.39999999999999997
2009-09-11,0.23750000000000002,0.32500000000000007,0.1,0.3375
2009-09-18,0.3625,0.30576923076923085,0.1,0.23173076923076927
2009-09-25,0.2375,0.3782544378698226,0.10000000000000002,0.2842455621301776
2009-10-02,0.20000000000000004,0.4000000000000001,0.10000000000000002,0.30000000000000004
2009-10-09,0.325,0.3375000000000001,0.1,0.23750000000000004
2009-10-16,0.22884615384615387,0.30865384615384617,0.09999999999999999,0.36249999999999993
2009-10-23,0.14467529957479705,0.36832721298801707,0.16532663316582916,0.3216708542713568
2009-10-30,0.09999999999999999,0.3,0.19999999999999998,0.39999999999999997
2009-11-06,0.09999999999999999,0.19999999999999998,0.3,0.39999999999999997
2009-11-13,0.1,0.32499999999999996,0.30000000000000004,0.275
2009-11-20,0.1,0.4,0.30000000000000004,0.2
2009-11-27,0.1,0.4,0.30000000000000004,0.2
2009-12-04,0.09999999999999999,0.39999999999999997,0.19999999999999998,0.3
2009-12-11,0.20000000000000004,0.4000000000000001,0.10000000000000002,0.30000000000000004
2009-12-18,0.20000000000000004,0.4000000000000001,0.10000000000000002,0.30000000000000004
2009-12-24,0.28333333333333327,0.35833333333333334,0.14166666666666664,0.21666666666666665
2009-12-31,0.3363636363636363,0.24090909090909093,0.21363636363636362,0.20909090909090908
2010-01-08,0.3893939393939394,0.12348484848484854,0.2856060606060606,0.20151515151515154
2010-01-15,0.4,0.1,0.30000000000000004,0.2
2010-01-22,0.35833333333333334,0.14166666666666666,0.21666666666666667,0.2833333333333333
2010-01-29,0.2409090909090909,0.21363636363636362,0.20909090909090908,0.33636363636363636
2010-02-05,0.2068181818181818,0.2856060606060606,0.11818181818181817,0.38939393939393935
2010-02-12,0.19999999999999998,0.3,0.09999999999999999,0.39999999999999997
2010-02-19,0.19999999999999998,0.3,0.09999999999999999,0.39999999999999997
2010-02-26,0.19999999999999998,0.3,0.09999999999999999,0.39999999999999997
2010-03-05,0.3,0.19999999999999998,0.09999999999999999,0.39999999999999997
2010-03-12,0.3,0.19999999999999998,0.09999999999999999,0.39999999999999997
2010-03-19,0.19999999999999998,0.3,0.09999999999999999,0.39999999999999997
2010-03-26,0.3,0.19999999999999998,0.09999999999999999,0.39999999999999997
2010-04-01,0.4000000000000001,0.20000000000000004,0.10000000000000002,0.30000000000000004
2010-04-09,0.39999999999999997,0.09999999999999999,0.19999999999999998,0.3
2010-04-16,0.4000000000000001,0.20000000000000004,0.10000000000000002,0.30000000000000004
2010-04-23,0.4,0.13750000000000004,0.22499999999999998,0.23750000000000004
2010-04-30,0.3285714285714286,0.11071428571428574,0.35,0.21071428571428574
2010-05-07,0.20357142857142857,0.1595424107142857,0.37734375,0.25954241071428574
2010-05-14,0.12420091882117201,0.2671801117064171,0.39470604900786865,0.21391292046454233
2010-05-21,0.07187225992469755,0.3418655881940366,0.3220347079043431,0.2642274439769227
2010-05-28,0.019543601028223098,0.4165510646816562,0.2493633668008176,0.3145419674893032
2010-06-04,0.0,0.44444444444444453,0.22222222222222227,0.33333333333333337
2010-06-11,0.0,0.44444444444444453,0.22222222222222227,0.33333333333333337
2010-06-18,0.07031249999999999,0.4131944444444445,0.27690972222222227,0.23958333333333337
2010-06-25,0.0,0.44444444444444453,0.22222222222222227,0.33333333333333337
2010-07-02,0.0,0.44444444444444453,0.22222222222222227,0.33333333333333337
2010-07-09,0.0,0.33333333333333337,0.22222222222222227,0.44444444444444453
2010-07-16,0.0,0.33333333333333337,0.22222222222222227,0.44444444444444453
2010-07-23,0.0,0.33333333333333337,0.22222222222222227,0.44444444444444453
2010-07-30,0.09999999999999999,0.3,0.19999999999999998,0.39999999999999997
2010-08-06,0.09999999999999999,0.3,0.19999999999999998,0.39999999999999997
2010-08-13,0.09999999999999999,0.3,0.19999999999999998,0.39999999999999997
2010-08-20,0.09999999999999999,0.39999999999999997,0.19999999999999998,0.3
2010-08-27,0.09999999999999999,0.3,0.19999999999999998,0.39999999999999997
2010-09-03,0.09999999999999999,0.19999999999999998,0.3,0.39999999999999997
2010-09-10,0.09999999999999999,0.19999999999999998,0.3,0.39999999999999997
2010-09-17,0.09999999999999999,0.19999999999999998,0.3,0.39999999999999997
2010-09-24,0.09999999999999999,0.19999999999999998,0.3,0.39999999999999997
2010-10-01,0.09999999999999999,0.19999999999999998,0.3,0.39999999999999997
2010-10-08,0.09999999999999999,0.3,0.19999999999999998,0.39999999999999997
2010-10-15,0.10000000000000002,0.23750000000000004,0.325,0.3375
2010-10-22,0.09999999999999999,0.3,0.19999999999999998,0.39999999999999997
2010-10-29,0.09999999999999999,0.3,0.19999999999999998,0.39999999999999997
2010-11-05,0.09999999999999999,0.3,0.19999999999999998,0.39999999999999997
2010-11-12,0.22499999999999998,0.2375,0.13749999999999998,0.39999999999999997
2010-11-19,0.3171052631578948,0.16513157894736843,0.17039473684210527,0.3473684210526316
2010-11-26,0.3,0.09999999999999999,0.19999999999999998,0.39999999999999997
2010-12-03,0.3625,0.1,0.2625,0.275
2010-12-10,0.30568181818181817,0.09999999999999998,0.38749999999999996,0.20681818181818176
2010-12-17,0.30000000000000004,0.1,0.4,0.2
2010-12-23,0.4,0.1,0.30000000000000004,0.2
2010-12-31,0.4,0.1,0.30000000000000004,0.2
2011-01-07,0.4,0.1,0.30000000000000004,0.2
2011-01-14,0.4,0.1,0.30000000000000004,0.2
2011-01-21,0.4,0.1,0.30000000000000004,0.2
2011-01-28,0.4,0.1,0.30000000000000004,0.2
2011-02-04,0.4714285714285715,0.05833333333333334,0.3535714285714286,0.11666666666666668
2011-02-11,0.5428571428571428,0.01666666666666668,0.40714285714285703,0.03333333333333336
2011-02-18,0.47773109243697476,0.005637254901960782,0.35829831932773104,0.15833333333333344
2011-02-25,0.4063025210084033,0.09234896661367258,0.3047268907563025,0.19662162162162167
2011-03-04,0.30000000000000004,0.1,0.4,0.2
2011-03-11,0.30000000000000004,0.1,0.4,0.2
2011-03-18,0.17500000000000004,0.225,0.4,0.2
2011-03-25,0.30000000000000004,0.2,0.4,0.1
2011-04-01,0.30000000000000004,0.2,0.4,0.1
2011-04-08,0.30000000000000004,0.1,0.4,0.2
2011-04-15,0.30000000000000004,0.2,0.4,0.1
2011-04-21,0.30000000000000004,0.1,0.4,0.2
2011-04-29,0.30000000000000004,0.2,0.4,0.1
2011-05-06,0.23750000000000002,0.2625,0.3375,0.1625
2011-05-13,0.175,0.27954545454545454,0.275,0.27045454545454545
2011-05-20,0.11249999999999999,0.29659090909090907,0.21249999999999997,0.3784090909090909
2011-05-27,0.09999999999999999,0.3,0.19999999999999998,0.39999999999999997
2011-06-03,0.09999999999999999,0.3,0.19999999999999998,0.39999999999999997
2011-06-10,0.09999999999999999,0.19999999999999998,0.3,0.39999999999999997
2011-06-17,0.09999999999999999,0.19999999999999998,0.39999999999999997,0.3
2011-06-24,0.09999999999999999,0.26249999999999996,0.27499999999999997,0.3625
2011-07-01,0.09999999999999999,0.3,0.19999999999999998,0.39999999999999997
2011-07-08,0.09999999999999999,0.3,0.19999999999999998,0.39999999999999997
2011-07-15,0.10000000000000002,0.23750000000000004,0.325,0.3375
2011-07-22,0.09999999999999999,0.19999999999999998,0.39999999999999997,0.3
2011-07-29,0.09999999999999999,0.19999999999999998,0.39999999999999997,0.3
2011-08-05,0.0,0.22222222222222227,0.44444444444444453,0.33333333333333337
2011-08-12,0.0,0.22222222222222227,0.44444444444444453,0.33333333333333337
2011-08-19,0.0,0.22222222222222227,0.44444444444444453,0.33333333333333337
2011-08-26,0.0,0.22222222222222227,0.44444444444444453,0.33333333333333337
2011-09-02,0.0,0.22222222222222227,0.44444444444444453,0.33333333333333337
2011-09-09,0.0,0.22222222222222227,0.33333333333333337,0.44444444444444453
2011-09-16,0.0,0.33333333333333337,0.22222222222222227,0.44444444444444453
2011-09-23,0.0,0.44444444444444453,0.22222222222222227,0.33333333333333337
2011-09-30,0.0,0.33333333333333337,0.22222222222222227,0.44444444444444453
2011-10-07,0.0,0.44444444444444453,0.22222222222222227,0.33333333333333337
2011-10-14,0.0,0.44444444444444453,0.22222222222222227,0.33333333333333337
2011-10-21,0.0,0.44444444444444453,0.22222222222222227,0.33333333333333337
2011-10-28,0.0,0.44444444444444436,0.3333333333333333,0.22222222222222218
2011-11-04,0.0,0.44444444444444453,0.22222222222222227,0.33333333333333337
2011-11-11,0.0,0.33333333333333337,0.22222222222222227,0.44444444444444453
2011-11-18,0.0,0.44444444444444453,0.22222222222222227,0.33333333333333337
2011-11-25,0.0,0.44444444444444453,0.22222222222222227,0.33333333333333337
2011-12-02,0.0,0.44444444444444453,0.22222222222222227,0.33333333333333337
2011-12-09,0.0,0.44444444444444453,0.22222222222222227,0.33333333333333337
2011-12-16,0.0,0.5158730158730159,0.09722222222222224,0.3869047619047619
2011-12-23,0.0,0.44444444444444453,0.22222222222222227,0.33333333333333337
2011-12-30,0.0,0.44444444444444453,0.22222222222222227,0.33333333333333337
2012-01-06,0.0,0.44444444444444453,0.22222222222222227,0.33333333333333337
2012-01-13,0.0,0.44444444444444453,0.22222222222222227,0.33333333333333337
2012-01-20,0.0,0.44444444444444453,0.22222222222222227,0.33333333333333337
2012-01-27,0.0,0.44444444444444453,0.22222222222222227,0.33333333333333337
2012-02-03,0.12499999999999997,0.41666666666666663,0.14583333333333334,0.3125
2012-02-10,0.20000000000000004,0.4000000000000001,0.10000000000000002,0.30000000000000004
2012-02-17,0.30000000000000004,0.4,0.1,0.2
2012-02-24,0.30000000000000004,0.4,0.1,0.2
2012-03-02,0.20000000000000004,0.4000000000000001,0.10000000000000002,0.30000000000000004
2012-03-09,0.20000000000000004,0.4000000000000001,0.10000000000000002,0.30000000000000004
2012-03-16,0.32500000000000007,0.2750000000000001,0.10000000000000002,0.30000000000000004
2012-03-23,0.4000000000000001,0.20000000000000004,0.10000000000000002,0.30000000000000004
2012-03-30,0.3,0.19999999999999998,0.09999999999999999,0.39999999999999997
2012-04-05,0.3,0.19999999999999998,0.09999999999999999,0.39999999999999997
2012-04-13,0.19999999999999998,0.3,0.09999999999999999,0.39999999999999997
2012-04-20,0.20000000000000004,0.4000000000000001,0.10000000000000002,0.30000000000000004
2012-04-27,0.22222222222222227,0.44444444444444453,0.0,0.33333333333333337
2012-05-04,0.22222222222222227,0.44444444444444453,0.0,0.33333333333333337
2012-05-11,0.09722222222222224,0.5158730158730159,0.0,0.3869047619047619
2012-05-18,0.0,0.5714285714285715,0.0,0.4285714285714286
2012-05-25,0.0,0.5714285714285715,0.0,0.4285714285714286
2012-06-01,0.0,0.5714285714285715,0.0,0.4285714285714286
2012-06-08,0.0,0.4464285714285715,0.0,0.5535714285714286
2012-06-15,0.0,0.4453125000000001,0.12500000000000003,0.4296875
2012-06-22,0.0,0.5703125000000001,0.0011061946902654607,0.42858130530973454
2012-06-29,0.0,0.4991575180655921,0.12610619469026546,0.37473628724414254
2012-07-06,0.0,0.5707946148201243,0.0011061946902654605,0.4280991904896102
2012-07-13,0.0,0.5714285714285715,0.0,0.4285714285714286
2012-07-20,0.0,0.5714285714285715,0.0,0.4285714285714286
2012-07-27,0.0,0.5714285714285715,0.0,0.4285714285714286
2012-08-03,0.125,0.5,0.0,0.375
2012-08-10,0.22222222222222227,0.44444444444444453,0.0,0.33333333333333337
2012-08-17,0.22222222222222227,0.33333333333333337,0.0,0.44444444444444453
2012-08-24,0.19999999999999998,0.3,0.09999999999999999,0.39999999999999997
2012-08-31,0.19999999999999998,0.3,0.09999999999999999,0.39999999999999997
2012-09-07,0.20000000000000004,0.4000000000000001,0.10000000000000002,0.30000000000000004
2012-09-14,0.2625,0.275,0.1,0.3625
2012-09-21,0.19999999999999998,0.3,0.09999999999999999,0.39999999999999997
2012-09-28,0.09999999999999999,0.3,0.19999999999999998,0.39999999999999997
2012-10-05,0.22499999999999998,0.2375,0.13749999999999998,0.39999999999999997
2012-10-12,0.09999999999999999,0.3,0.19999999999999998,0.39999999999999997
2012-10-19,0.09999999999999999,0.3,0.19999999999999998,0.39999999999999997
2012-10-26,0.09999999999999999,0.3,0.19999999999999998,0.39999999999999997
2012-11-02,0.19999999999999998,0.3,0.09999999999999999,0.39999999999999997
2012-11-09,0.13749999999999998,0.3625,0.16249999999999998,0.33749999999999997
2012-11-16,0.09999999999999999,0.39999999999999997,0.19999999999999998,0.3
2012-11-23,0.20000000000000004,0.4000000000000001,0.10000000000000002,0.30000000000000004
2012-11-30,0.19999999999999998,0.3,0.09999999999999999,0.39999999999999997
2012-12-07,0.20000000000000004,0.4000000000000001,0.10000000000000002,0.30000000000000004
2012-12-14,0.21666666666666665,0.35000000000000003,0.025000000000000015,0.40833333333333327
2012-12-21,0.3416666666666667,0.27987804878048783,0.011280487804878055,0.3671747967479675
2012-12-28,0.4238978028331888,0.3226469126139657,0.0022551192012353807,0.25120016535161016
2013-01-04,0.44444444444444436,0.3333333333333333,0.0,0.22222222222222218
2013-01-11,0.44444444444444436,0.3333333333333333,0.0,0.22222222222222218
2013-01-18,0.4,0.30000000000000004,0.1,0.2
2013-01-25,0.44444444444444436,0.3333333333333333,0.0,0.22222222222222218
2013-02-01,0.5694444444444445,0.25833333333333336,0.0,0.17222222222222222
2013-02-08,0.44444444444444436,0.3333333333333333,0.0,0.22222222222222218
2013-02-15,0.44444444444444436,0.3333333333333333,0.0,0.22222222222222218
2013-02-22,0.44444444444444436,0.3333333333333333,0.0,0.22222222222222218
2013-03-01,0.44444444444444453,0.22222222222222227,0.0,0.33333333333333337
2013-03-08,0.5158730158730159,0.09722222222222224,0.0,0.3869047619047619
2013-03-15,0.4780578898225957,0.22222222222222224,0.0,0.2997198879551821
2013-03-22,0.44444444444444453,0.22222222222222227,0.0,0.33333333333333337
2013-03-28,0.44444444444444453,0.22222222222222227,0.0,0.33333333333333337
2013-04-05,0.31944444444444453,0.28472222222222227,0.0,0.39583333333333337
2013-04-12,0.33333333333333337,0.22222222222222227,0.0,0.44444444444444453
2013-04-19,0.22222222222222227,0.33333333333333337,0.0,0.44444444444444453
2013-04-26,0.22222222222222227,0.33333333333333337,0.0,0.44444444444444453
2013-05-03,0.22222222222222227,0.44444444444444453,0.0,0.33333333333333337
2013-05-10,0.3472222222222222,0.38194444444444453,0.0,0.27083333333333337
2013-05-17,0.4233091787439613,0.2569444444444445,0.0,0.3197463768115942
2013-05-24,0.44444444444444453,0.22222222222222227,0.0,0.33333333333333337
2013-05-31,0.5694444444444444,0.17222222222222225,0.0,0.2583333333333333
2013-06-07,0.6944444444444444,0.12222222222222225,0.0,0.18333333333333332
2013-06-14,0.6317421790722761,0.05992448759439051,0.0,0.30833333333333335
2013-06-21,0.7567421790722761,0.03958395299168088,0.0,0.20367386793604297
2013-06-28,0.8817421790722761,0.019243418388971253,0.0,0.09901440253875261
2013-07-05,1.0,0.0,0.0,0.0
2013-07-12,1.0,0.0,0.0,0.0
2013-07-19,1.0,0.0,0.0,0.0
2013-07-26,1.0,0.0,0.0,0.0
2013-08-02,1.0,0.0,0.0,0.0
2013-08-09,1.0,0.0,0.0,0.0
2013-08-16,1.0,0.0,0.0,0.0
2013-08-23,1.0,0.0,0.0,0.0
2013-08-30,1.0,0.0,0.0,0.0
2013-09-06,1.0,0.0,0.0,0.0
2013-09-13,1.0,0.0,0.0,0.0
2013-09-20,0.875,0.0,0.0,0.12500000000000003
2013-09-27,0.75,0.0,0.0,0.25000000000000006
2013-10-04,0.625,0.0,0.0,0.3750000000000001
2013-10-11,0.5714285714285715,0.0,0.0,0.4285714285714286
2013-10-18,0.5714285714285715,0.0,0.0,0.4285714285714286
2013-10-25,0.5714285714285715,0.0,0.0,0.4285714285714286
2013-11-01,0.5714285714285715,0.0,0.0,0.4285714285714286
2013-11-08,0.5714285714285715,0.0,0.0,0.4285714285714286
2013-11-15,0.5,0.125,0.0,0.375
2013-11-22,0.44444444444444453,0.22222222222222227,0.0,0.33333333333333337
2013-11-29,0.44444444444444453,0.22222222222222227,0.0,0.33333333333333337
2013-12-06,0.44444444444444453,0.22222222222222227,0.0,0.33333333333333337
2013-12-13,0.44444444444444453,0.22222222222222227,0.0,0.33333333333333337
2013-12-20,0.44444444444444453,0.22222222222222227,0.0,0.33333333333333337
2013-12-27,0.5158730158730159,0.09722222222222224,0.0,0.3869047619047619
2014-01-03,0.44444444444444453,0.22222222222222227,0.0,0.33333333333333337
2014-01-10,0.44444444444444453,0.22222222222222227,0.0,0.33333333333333337
2014-01-17,0.44444444444444453,0.22222222222222227,0.0,0.33333333333333337
2014-01-24,0.44444444444444453,0.22222222222222227,0.0,0.33333333333333337
2014-01-31,0.31944444444444453,0.28472222222222227,0.0,0.39583333333333337
2014-02-07,0.22222222222222227,0.33333333333333337,0.0,0.44444444444444453
2014-02-14,0.22222222222222227,0.44444444444444453,0.0,0.33333333333333337
2014-02-21,0.3333333333333333,0.44444444444444436,0.0,0.22222222222222218
2014-02-28,0.44444444444444436,0.3333333333333333,0.0,0.22222222222222218
2014-03-07,0.4,0.30000000000000004,0.1,0.2
2014-03-14,0.2750000000000001,0.30000000000000004,0.1,0.325
2014-03-21,0.4,0.30000000000000004,0.1,0.2
2014-03-28,0.44444444444444436,0.3333333333333333,0.0,0.22222222222222218
2014-04-04,0.44444444444444436,0.3333333333333333,0.0,0.22222222222222218
2014-04-11,0.3194444444444445,0.36742424242424243,0.05113636363636363,0.2619949494949495
2014-04-17,0.39724932249322487,0.30230229120473023,0.09833148558758313,0.20211690071446164
2014-04-25,0.44444444444444436,0.3333333333333333,0.0,0.22222222222222218
2014-05-02,0.44444444444444436,0.3333333333333333,0.0,0.22222222222222218
2014-05-09,0.3333333333333333,0.44444444444444436,0.0,0.22222222222222218
2014-05-16,0.44444444444444436,0.3333333333333333,0.0,0.22222222222222218
2014-05-23,0.3333333333333333,0.44444444444444436,0.0,0.22222222222222218
2014-05-30,0.3333333333333333,0.44444444444444436,0.0,0.22222222222222218
2014-06-06,0.44444444444444436,0.3333333333333333,0.0,0.22222222222222218
2014-06-13,0.44444444444444436,0.3333333333333333,0.0,0.22222222222222218
2014-06-20,0.4,0.30000000000000004,0.1,0.2
2014-06-27,0.4,0.30000000000000004,0.1,0.2
2014-07-03,0.4,0.30000000000000004,0.1,0.2
2014-07-11,0.4,0.30000000000000004,0.1,0.2
2014-07-18,0.30000000000000004,0.4,0.1,0.2
2014-07-25,0.4,0.30000000000000004,0.1,0.2
2014-08-01,0.30000000000000004,0.4,0.1,0.2
2014-08-08,0.20000000000000004,0.4000000000000001,0.10000000000000002,0.30000000000000004
2014-08-15,0.29375000000000007,0.43125,0.02968749999999999,0.24531250000000002
2014-08-22,0.3333333333333333,0.44444444444444436,0.0,0.22222222222222218
2014-08-29,0.3333333333333333,0.44444444444444436,0.0,0.22222222222222218
2014-09-05,0.3333333333333333,0.44444444444444436,0.0,0.22222222222222218
2014-09-12,0.44444444444444436,0.3333333333333333,0.0,0.22222222222222218
2014-09-19,0.3333333333333333,0.44444444444444436,0.0,0.22222222222222218
2014-09-26,0.22222222222222227,0.44444444444444453,0.0,0.33333333333333337
2014-10-03,0.22222222222222227,0.44444444444444453,0.0,0.33333333333333337
2014-10-10,0.09722222222222224,0.5158730158730159,0.0,0.3869047619047619
2014-10-17,0.0,0.5714285714285715,0.0,0.4285714285714286
2014-10-24,0.0,0.5714285714285715,0.0,0.4285714285714286
2014-10-31,0.125,0.5,0.0,0.375
2014-11-07,0.22222222222222227,0.44444444444444453,0.0,0.33333333333333337
2014-11-14,0.22222222222222227,0.44444444444444453,0.0,0.33333333333333337
2014-11-21,0.22222222222222227,0.44444444444444453,0.0,0.33333333333333337
2014-11-28,0.22222222222222227,0.44444444444444453,0.0,0.33333333333333337
2014-12-05,0.3333333333333333,0.44444444444444436,0.0,0.22222222222222218
2014-12-12,0.2083333333333334,0.4920634920634921,0.0,0.2996031746031746
2014-12-19,0.22222222222222227,0.44444444444444453,0.0,0.33333333333333337
2014-12-26,0.22222222222222227,0.44444444444444453,0.0,0.33333333333333337
2015-01-02,0.22222222222222227,0.44444444444444453,0.0,0.33333333333333337
2015-01-09,0.22222222222222227,0.44444444444444453,0.0,0.33333333333333337
2015-01-16,0.20000000000000004,0.4000000000000001,0.10000000000000002,0.30000000000000004
2015-01-23,0.20000000000000004,0.4000000000000001,0.10000000000000002,0.30000000000000004
2015-01-30,0.09999999999999999,0.39999999999999997,0.19999999999999998,0.3
2015-02-06,0.20000000000000004,0.4000000000000001,0.10000000000000002,0.30000000000000004
2015-02-13,0.22222222222222227,0.44444444444444453,0.0,0.33333333333333337
2015-02-20,0.22222222222222227,0.44444444444444453,0.0,0.33333333333333337
2015-02-27,0.22222222222222227,0.44444444444444453,0.0,0.33333333333333337
2015-03-06,0.22222222222222227,0.44444444444444453,0.0,0.33333333333333337
2015-03-13,0.22222222222222227,0.44444444444444453,0.0,0.33333333333333337
2015-03-20,0.22222222222222227,0.44444444444444453,0.0,0.33333333333333337
2015-03-27,0.22222222222222227,0.33333333333333337,0.0,0.44444444444444453
2015-04-02,0.22222222222222227,0.33333333333333337,0.0,0.44444444444444453
2015-04-10,0.28472222222222227,0.39583333333333337,0.0,0.31944444444444453
2015-04-17,0.4097222222222222,0.3469202898550725,0.0,0.24335748792270537
2015-04-24,0.44444444444444453,0.22222222222222227,0.0,0.33333333333333337
2015-05-01,0.44444444444444453,0.22222222222222227,0.0,0.33333333333333337
2015-05-08,0.33333333333333337,0.22222222222222227,0.0,0.44444444444444453
2015-05-15,0.3,0.19999999999999998,0.09999999999999999,0.39999999999999997
2015-05-22,0.33333333333333337,0.22222222222222227,0.0,0.44444444444444453
2015-05-29,0.33333333333333337,0.22222222222222227,0.0,0.44444444444444453
2015-06-05,0.33333333333333337,0.22222222222222227,0.0,0.44444444444444453
2015-06-12,0.45833333333333326,0.1055555555555556,0.0,0.43611111111111106
2015-06-19,0.43084066471163246,0.008048224177256452,0.0,0.5611111111111111
2015-06-26,0.4285714285714286,0.0,0.0,0.5714285714285715
2015-07-02,0.4285714285714286,0.0,0.0,0.5714285714285715
2015-07-10,0.4285714285714286,0.0,0.0,0.5714285714285715
2015-07-17,0.5535714285714286,0.0,0.0,0.4464285714285715
2015-07-24,0.4285714285714286,0.0,0.0,0.5714285714285715
2015-07-31,0.4285714285714286,0.0,0.0,0.5714285714285715
2015-08-07,0.3035714285714286,0.125,0.0,0.5714285714285715
2015-08-14,0.1785714285714286,0.25,0.0,0.5714285714285715
2015-08-21,0.0535714285714286,0.375,0.0,0.5714285714285715
2015-08-28,0.0,0.4285714285714286,0.0,0.5714285714285715
2015-09-04,0.0,0.4285714285714286,0.0,0.5714285714285715
2015-09-11,0.0,0.4285714285714286,0.0,0.5714285714285715
2015-09-18,0.0,0.4285714285714286,0.0,0.5714285714285715
2015-09-25,0.0,0.4285714285714286,0.0,0.5714285714285715
2015-10-02,0.0,0.4285714285714286,0.0,0.5714285714285715
2015-10-09,0.0,0.4285714285714286,0.0,0.5714285714285715
2015-10-16,0.0,0.375,0.125,0.5
2015-10-23,0.0,0.33333333333333337,0.22222222222222227,0.44444444444444453
2015-10-30,0.0,0.33333333333333337,0.22222222222222227,0.44444444444444453
2015-11-06,0.0,0.3869047619047619,0.09722222222222224,0.5158730158730159
2015-11-13,0.0,0.4285714285714286,0.0,0.5714285714285715
2015-11-20,0.125,0.3705357142857143,0.0,0.5044642857142858
2015-11-27,0.0,0.4285714285714286,0.0,0.5714285714285715
2015-12-04,0.12499999999999997,0.35119047619047616,0.0,0.5238095238095238
2015-12-11,0.0,0.4285714285714286,0.0,0.5714285714285715
2015-12-18,0.0,0.5535714285714286,0.0,0.4464285714285715
2015-12-24,0.125,0.49218749999999994,0.0,0.38281249999999994
2015-12-31,0.2241253644314869,0.5180621355685131,0.0,0.2578125
2016-01-08,0.09912536443148694,0.5478258550807082,0.0,0.35304878048780486
2016-01-15,0.04238627469906424,0.47956494481313094,0.0,0.47804878048780486
2016-01-22,0.0,0.4285714285714286,0.0,0.5714285714285715
2016-01-29,0.0,0.4285714285714286,0.0,0.5714285714285715
2016-02-05,0.0,0.375,0.125,0.5
2016-02-12,0.0,0.42708333333333337,0.19791666666666669,0.37500000000000006
2016-02-19,0.0,0.33333333333333337,0.22222222222222227,0.44444444444444453
2016-02-26,0.0,0.44444444444444453,0.22222222222222227,0.33333333333333337
2016-03-04,0.0,0.31944444444444453,0.34722222222222227,0.33333333333333337
2016-03-11,0.0,0.44444444444444436,0.3333333333333333,0.22222222222222218
2016-03-18,0.0,0.44444444444444453,0.22222222222222227,0.33333333333333337
2016-03-24,0.0,0.44444444444444453,0.22222222222222227,0.33333333333333337
2016-04-01,0.09999999999999999,0.39999999999999997,0.19999999999999998,0.3
2016-04-08,0.09999999999999999,0.39999999999999997,0.19999999999999998,0.3
2016-04-15,0.09999999999999999,0.39999999999999997,0.19999999999999998,0.3
2016-04-22,0.09999999999999999,0.39999999999999997,0.19999999999999998,0.3
2016-04-29,0.1,0.4,0.30000000000000004,0.2
2016-05-06,0.09999999999999999,0.39999999999999997,0.19999999999999998,0.3
2016-05-13,0.09999999999999999,0.39999999999999997,0.19999999999999998,0.3
2016-05-20,0.09999999999999999,0.39999999999999997,0.19999999999999998,0.3
2016-05-27,0.20000000000000004,0.4000000000000001,0.10000000000000002,0.30000000000000004
2016-06-03,0.09999999999999999,0.39999999999999997,0.19999999999999998,0.3
2016-06-10,0.09999999999999999,0.39999999999999997,0.19999999999999998,0.3
2016-06-17,0.0,0.44444444444444453,0.22222222222222227,0.33333333333333337
2016-06-24,0.0,0.44444444444444453,0.22222222222222227,0.33333333333333337
2016-07-01,0.09999999999999999,0.39999999999999997,0.19999999999999998,0.3
2016-07-08,0.09999999999999999,0.39999999999999997,0.19999999999999998,0.3
2016-07-15,0.09999999999999999,0.39999999999999997,0.19999999999999998,0.3
2016-07-22,0.09999999999999999,0.39999999999999997,0.19999999999999998,0.3
2016-07-29,0.09999999999999999,0.39999999999999997,0.19999999999999998,0.3
2016-08-05,0.22500000000000003,0.4,0.1375,0.23750000000000002
2016-08-12,0.35000000000000003,0.3285714285714286,0.11071428571428572,0.21071428571428572
2016-08-19,0.4,0.30000000000000004,0.1,0.2
2016-08-26,0.3999999999999999,0.3,0.19999999999999996,0.09999999999999998
2016-09-02,0.4,0.30000000000000004,0.1,0.2
2016-09-09,0.275,0.30000000000000004,0.14166666666666666,0.2833333333333333
2016-09-16,0.15000000000000005,0.30000000000000004,0.18333333333333332,0.36666666666666664
2016-09-23,0.19999999999999998,0.3,0.09999999999999999,0.39999999999999997
2016-09-30,0.13749999999999998,0.3625,0.16249999999999998,0.33749999999999997
2016-10-07,0.20104166666666667,0.4239583333333334,0.040625000000000036,0.33437500000000003
2016-10-14,0.22222222222222227,0.44444444444444453,0.0,0.33333333333333337
2016-10-21,0.20000000000000004,0.4000000000000001,0.10000000000000002,0.30000000000000004
2016-10-28,0.21666666666666665,0.35000000000000003,0.025000000000000015,0.40833333333333327
2016-11-04,0.10059523809523814,0.34107142857142864,0.13065476190476188,0.42767857142857146
2016-11-11,0.22535864503530123,0.25069287967552956,0.09603331080066095,0.42791516448850836
2016-11-18,0.35035864503530123,0.21023982387286172,0.08053689588148889,0.3588646352103483
2016-11-25,0.4753586450353011,0.16978676807019386,0.06504048096231682,0.28981410593218815
2016-12-02,0.6003586450353011,0.12933371226752602,0.04954406604314476,0.22076357665402807
2016-12-09,0.7253586450353011,0.08888065646485818,0.034047651123972705,0.151713047375868
2016-12-16,0.8503586450353011,0.04842760066219033,0.018551236204800647,0.0826625180977079
2016-12-23,0.9753586450353011,0.007974544859522481,0.003054821285628593,0.01361198881954781
2016-12-30,1.0,0.0,0.0,0.0
2017-01-06,1.0,0.0,0.0,0.0
2017-01-13,1.0,0.0,0.0,0.0
2017-01-20,1.0,0.0,0.0,0.0
2017-01-27,1.0,0.0,0.0,0.0
2017-02-03,1.0,0.0,0.0,0.0
2017-02-10,1.0,0.0,0.0,0.0
2017-02-17,0.875,0.0,0.0,0.12500000000000003
2017-02-24,0.75,0.026315789473684206,0.05263157894736841,0.1710526315789474
2017-03-03,0.6349118942731278,0.016403895200556455,0.11650823092974727,0.23217597959656855
2017-03-10,0.7599118942731278,0.010787478593427775,0.07661778082257889,0.1526828463108656
2017-03-17,0.6390449653985204,0.006654407468035128,0.1749747442531106,0.17932588288033394
2017-03-24,0.5140449653985204,0.05546614063732877,0.24035222226151343,0.19013667170263748
2017-03-31,0.44448154211244284,2.9563923406229757e-05,0.3332837736124952,0.2222051203516556
2017-04-07,0.44444444444444436,0.0,0.3333333333333333,0.22222222222222218
2017-04-13,0.4,0.1,0.30000000000000004,0.2
2017-04-21,0.4,0.1,0.30000000000000004,0.2
2017-04-28,0.39999999999999997,0.09999999999999999,0.19999999999999998,0.3
2017-05-05,0.4277777777777777,0.17638888888888885,0.07500000000000005,0.3208333333333333
2017-05-12,0.44444444444444453,0.22222222222222227,0.0,0.33333333333333337
2017-05-19,0.4000000000000001,0.20000000000000004,0.10000000000000002,0.30000000000000004
2017-05-26,0.4000000000000001,0.20000000000000004,0.10000000000000002,0.30000000000000004
2017-06-02,0.4000000000000001,0.20000000000000004,0.10000000000000002,0.30000000000000004
2017-06-09,0.4000000000000001,0.20000000000000004,0.10000000000000002,0.30000000000000004
2017-06-16,0.4000000000000001,0.20000000000000004,0.10000000000000002,0.30000000000000004
2017-06-23,0.4000000000000001,0.20000000000000004,0.10000000000000002,0.30000000000000004
2017-06-30,0.4000000000000001,0.20000000000000004,0.10000000000000002,0.30000000000000004
2017-07-07,0.44444444444444453,0.22222222222222227,0.0,0.33333333333333337
2017-07-14,0.44444444444444453,0.22222222222222227,0.0,0.33333333333333337
2017-07-21,0.44444444444444453,0.22222222222222227,0.0,0.33333333333333337
2017-07-28,0.4000000000000001,0.20000000000000004,0.10000000000000002,0.30000000000000004
2017-08-04,0.4000000000000001,0.20000000000000004,0.10000000000000002,0.30000000000000004
2017-08-11,0.4000000000000001,0.20000000000000004,0.10000000000000002,0.30000000000000004
2017-08-18,0.4000000000000001,0.20000000000000004,0.10000000000000002,0.30000000000000004
2017-08-25,0.3,0.19999999999999998,0.09999999999999999,0.39999999999999997
2017-09-01,0.3,0.19999999999999998,0.09999999999999999,0.39999999999999997
2017-09-08,0.19999999999999998,0.3,0.09999999999999999,0.39999999999999997
2017-09-15,0.32500000000000007,0.23750000000000002,0.1,0.3375
2017-09-22,0.4000000000000001,0.20000000000000004,0.10000000000000002,0.30000000000000004
2017-09-29,0.4000000000000001,0.20000000000000004,0.10000000000000002,0.30000000000000004
2017-10-06,0.4000000000000001,0.20000000000000004,0.10000000000000002,0.30000000000000004
2017-10-13,0.4,0.30000000000000004,0.1,0.2
2017-10-20,0.4000000000000001,0.20000000000000004,0.10000000000000002,0.30000000000000004
2017-10-27,0.4,0.30000000000000004,0.1,0.2
2017-11-03,0.4,0.30000000000000004,0.1,0.2
2017-11-10,0.4,0.30000000000000004,0.1,0.2
2017-11-17,0.3999999999999999,0.3,0.19999999999999996,0.09999999999999998
2017-11-24,0.3999999999999999,0.3,0.19999999999999996,0.09999999999999998
2017-12-01,0.42777777777777776,0.32083333333333336,0.07500000000000002,0.17638888888888887
2017-12-08,0.4992063492063492,0.3744047619047619,0.03770718232044201,0.08868170656844691
2017-12-15,0.42777777777777776,0.32083333333333336,0.08255801104972378,0.16883087783916517
2017-12-22,0.4401175426359455,0.33008815697695915,0.18596342254793025,0.04383087783916517
2017-12-29,0.4106549991318325,0.2345507004810721,0.2697125109387868,0.08508178944830866
2018-01-05,0.44444444444444453,0.22222222222222227,0.33333333333333337,0.0
2018-01-12,0.44444444444444453,0.22222222222222227,0.33333333333333337,0.0
2018-01-19,0.5158730158730159,0.09722222222222224,0.3869047619047619,0.0
2018-01-26,0.44444444444444453,0.22222222222222227,0.33333333333333337,0.0
2018-02-02,0.5158730158730159,0.09722222222222224,0.3869047619047619,0.0
2018-02-09,0.45673323092677937,0.031362007168458814,0.5119047619047619,0.0
2018-02-16,0.4285714285714286,0.0,0.5714285714285715,0.0
2018-02-23,0.5535714285714286,0.0,0.4464285714285715,0.0
2018-03-02,0.5714285714285715,0.0,0.4285714285714286,0.0
2018-03-09,0.5714285714285715,0.0,0.4285714285714286,0.0
2018-03-16,0.5714285714285715,0.0,0.4285714285714286,0.0
2018-03-23,0.4464285714285715,0.0,0.5535714285714286,0.0
2018-03-29,0.4285714285714286,0.0,0.5714285714285715,0.0
2018-04-06,0.4285714285714286,0.0,0.5714285714285715,0.0
2018-04-13,0.4285714285714286,0.0,0.5714285714285715,0.0
2018-04-20,0.4285714285714286,0.0,0.5714285714285715,0.0
2018-04-27,0.4285714285714286,0.0,0.5714285714285715,0.0
2018-05-04,0.5535714285714286,0.0,0.4464285714285715,0.0
2018-05-11,0.5714285714285715,0.0,0.4285714285714286,0.0
2018-05-18,0.6964285714285715,0.0,0.3035714285714286,0.0
2018-05-25,0.8214285714285715,0.0,0.17857142857142858,0.0
2018-06-01,0.9464285714285715,0.0,0.05357142857142855,0.0
2018-06-08,1.0,0.0,0.0,0.0
2018-06-15,1.0,0.0,0.0,0.0
2018-06-22,1.0,0.0,0.0,0.0
2018-06-29,1.0,0.0,0.0,0.0
2018-07-06,0.875,0.0,0.0,0.12500000000000003
2018-07-13,0.75,0.0,0.0,0.25000000000000006
2018-07-20,0.625,0.0666666666666667,0.0,0.3083333333333334
2018-07-27,0.5,0.1743589743589744,0.0,0.3256410256410257
2018-08-03,0.44444444444444453,0.22222222222222227,0.0,0.33333333333333337
2018-08-10,0.44444444444444453,0.22222222222222227,0.0,0.33333333333333337
2018-08-17,0.31944444444444453,0.28472222222222227,0.0,0.39583333333333337
2018-08-24,0.22222222222222227,0.33333333333333337,0.0,0.44444444444444453
2018-08-31,0.33333333333333337,0.22222222222222227,0.0,0.44444444444444453
2018-09-07,0.22222222222222227,0.33333333333333337,0.0,0.44444444444444453
2018-09-14,0.34722222222222227,0.27083333333333337,0.0,0.38194444444444453
2018-09-21,0.45070207570207566,0.14583333333333334,0.0,0.4034645909645909
2018-09-28,0.5541819291819291,0.020833333333333436,0.0,0.42498473748473736
2018-10-05,0.6791819291819292,0.014992011868081785,0.0,0.3058260589499891
2018-10-12,0.5568815428849091,0.012292398165101807,0.0,0.430826058949989
2018-10-19,0.4345811565878891,0.009592784462121832,0.0,0.555826058949989
2018-10-26,0.3122807702908691,0.0068931707591418576,0.0,0.680826058949989
2018-11-02,0.1899803839938491,0.004193557056161883,0.0,0.805826058949989
2018-11-09,0.06767999769682904,0.0014939433531819084,0.0,0.930826058949989
2018-11-16,0.0,0.0,0.0,1.0
2018-11-23,0.0,0.0,0.0,1.0
2018-11-30,0.0,0.0,0.0,1.0
2018-12-07,0.0,0.075,0.05,0.875
2018-12-14,0.0,0.15,0.1,0.75
2018-12-21,0.0,0.225,0.15000000000000002,0.625
2018-12-28,0.0,0.30000000000000004,0.20000000000000004,0.5
2019-01-04,0.0,0.33333333333333337,0.22222222222222227,0.44444444444444453
2019-01-11,0.0,0.33333333333333337,0.22222222222222227,0.44444444444444453
2019-01-18,0.0,0.33333333333333337,0.22222222222222227,0.44444444444444453
2019-01-25,0.0,0.33333333333333337,0.22222222222222227,0.44444444444444453
2019-02-01,0.0,0.44444444444444453,0.22222222222222227,0.33333333333333337
2019-02-08,0.0,0.33333333333333337,0.22222222222222227,0.44444444444444453
2019-02-15,0.09999999999999999,0.3,0.19999999999999998,0.39999999999999997
2019-02-22,0.09999999999999999,0.3,0.19999999999999998,0.39999999999999997
2019-03-01,0.09999999999999999,0.3,0.19999999999999998,0.39999999999999997
2019-03-08,0.0,0.33333333333333337,0.22222222222222227,0.44444444444444453
2019-03-15,0.12499999999999992,0.3125,0.14583333333333337,0.4166666666666667
2019-03-22,0.09999999999999999,0.3,0.19999999999999998,0.39999999999999997
2019-03-29,0.19999999999999998,0.3,0.09999999999999999,0.39999999999999997
2019-04-05,0.19999999999999998,0.3,0.09999999999999999,0.39999999999999997
2019-04-12,0.19999999999999998,0.3,0.09999999999999999,0.39999999999999997
2019-04-18,0.22222222222222227,0.33333333333333337,0.0,0.44444444444444453
2019-04-26,0.19999999999999998,0.3,0.09999999999999999,0.39999999999999997
2019-05-03,0.22222222222222227,0.33333333333333337,0.0,0.44444444444444453
2019-05-10,0.22222222222222227,0.33333333333333337,0.0,0.44444444444444453
2019-05-17,0.22222222222222227,0.44444444444444453,0.0,0.33333333333333337
2019-05-24,0.22222222222222227,0.44444444444444453,0.0,0.33333333333333337
2019-05-31,0.09722222222222227,0.44444444444444453,0.125,0.33333333333333337
2019-06-07,0.09999999999999999,0.39999999999999997,0.19999999999999998,0.3
2019-06-14,0.09999999999999999,0.39999999999999997,0.19999999999999998,0.3
2019-06-21,0.09999999999999999,0.3,0.19999999999999998,0.39999999999999997
2019-06-28,0.09999999999999999,0.3,0.19999999999999998,0.39999999999999997
2019-07-05,0.19999999999999998,0.3,0.09999999999999999,0.39999999999999997
2019-07-12,0.19999999999999998,0.3,0.09999999999999999,0.39999999999999997
2019-07-19,0.09999999999999999,0.3,0.19999999999999998,0.39999999999999997
2019-07-26,0.19999999999999998,0.3,0.09999999999999999,0.39999999999999997
2019-08-02,0.09999999999999999,0.3,0.19999999999999998,0.39999999999999997
2019-08-09,0.09999999999999999,0.3,0.19999999999999998,0.39999999999999997
2019-08-16,0.09999999999999999,0.3,0.19999999999999998,0.39999999999999997
2019-08-23,0.0,0.33333333333333337,0.22222222222222227,0.44444444444444453
2019-08-30,0.09999999999999999,0.3,0.19999999999999998,0.39999999999999997
2019-09-06,0.09999999999999999,0.3,0.19999999999999998,0.39999999999999997
2019-09-13,0.09999999999999999,0.19999999999999998,0.3,0.39999999999999997
2019-09-20,0.09999999999999999,0.3,0.19999999999999998,0.39999999999999997
2019-09-27,0.09999999999999999,0.3,0.19999999999999998,0.39999999999999997
2019-10-04,0.0,0.33333333333333337,0.22222222222222227,0.44444444444444453
2019-10-11,0.09999999999999999,0.3,0.19999999999999998,0.39999999999999997
2019-10-18,0.09999999999999999,0.3,0.19999999999999998,0.39999999999999997
2019-10-25,0.09999999999999999,0.3,0.19999999999999998,0.39999999999999997
2019-11-01,0.09999999999999999,0.3,0.19999999999999998,0.39999999999999997
2019-11-08,0.22500000000000003,0.25833333333333336,0.15833333333333333,0.35833333333333334
2019-11-15,0.35000000000000003,0.21666666666666665,0.11666666666666664,0.31666666666666665
2019-11-22,0.4000000000000001,0.20000000000000004,0.10000000000000002,0.30000000000000004
2019-11-29,0.4000000000000001,0.20000000000000004,0.10000000000000002,0.30000000000000004
2019-12-06,0.3,0.19999999999999998,0.09999999999999999,0.39999999999999997
2019-12-13,0.4000000000000001,0.20000000000000004,0.10000000000000002,0.30000000000000004
2019-12-20,0.4000000000000001,0.20000000000000004,0.10000000000000002,0.30000000000000004
2019-12-27,0.4000000000000001,0.20000000000000004,0.10000000000000002,0.30000000000000004
2020-01-03,0.4,0.13750000000000004,0.22499999999999998,0.23750000000000004
2020-01-10,0.39999999999999997,0.09999999999999999,0.19999999999999998,0.3
2020-01-17,0.33749999999999997,0.16249999999999998,0.13749999999999998,0.3625
2020-01-24,0.2392857142857143,0.26071428571428573,0.11071428571428572,0.3892857142857143
2020-01-31,0.11428571428571424,0.295970695970696,0.19084249084249086,0.39890109890109887
2020-02-07,0.09999999999999999,0.3,0.19999999999999998,0.39999999999999997
2020-02-14,0.09999999999999999,0.39999999999999997,0.19999999999999998,0.3
2020-02-21,0.09999999999999999,0.39999999999999997,0.19999999999999998,0.3
2020-02-28,0.025,0.35,0.21666666666666665,0.40833333333333327
2020-03-06,0.0,0.33333333333333337,0.22222222222222227,0.44444444444444453
2020-03-13,0.0,0.22222222222222227,0.33333333333333337,0.44444444444444453
2020-03-20,0.0,0.1055555555555556,0.45833333333333326,0.43611111111111106
2020-03-27,0.0,0.22222222222222227,0.44444444444444453,0.33333333333333337
2020-04-03,0.0,0.22222222222222227,0.44444444444444453,0.33333333333333337
2020-04-09,0.0,0.22222222222222227,0.44444444444444453,0.33333333333333337
2020-04-17,0.0,0.3472222222222222,0.38194444444444453,0.27083333333333337
2020-04-24,0.0,0.33722222222222226,0.26694444444444454,0.39583333333333337
2020-05-01,0.0,0.33333333333333337,0.22222222222222227,0.44444444444444453
2020-05-08,0.0,0.33333333333333337,0.22222222222222227,0.44444444444444453
2020-05-15,0.0,0.33333333333333337,0.22222222222222227,0.44444444444444453
2020-05-22,0.0,0.33333333333333337,0.22222222222222227,0.44444444444444453
2020-05-29,0.0,0.33333333333333337,0.22222222222222227,0.44444444444444453
2020-06-05,0.09999999999999999,0.3,0.19999999999999998,0.39999999999999997
2020-06-12,0.09999999999999999,0.3,0.19999999999999998,0.39999999999999997
2020-06-19,0.09999999999999999,0.3,0.19999999999999998,0.39999999999999997
2020-06-26,0.09999999999999999,0.3,0.19999999999999998,0.39999999999999997
2020-07-02,0.09999999999999999,0.3,0.19999999999999998,0.39999999999999997
2020-07-10,0.09999999999999999,0.3,0.19999999999999998,0.39999999999999997
2020-07-17,0.09999999999999999,0.3,0.19999999999999998,0.39999999999999997
2020-07-24,0.09999999999999999,0.3,0.19999999999999998,0.39999999999999997
2020-07-31,0.09999999999999999,0.3,0.19999999999999998,0.39999999999999997
2020-08-07,0.09999999999999999,0.3,0.19999999999999998,0.39999999999999997
2020-08-14,0.19999999999999998,0.3,0.09999999999999999,0.39999999999999997
2020-08-21,0.19999999999999998,0.3,0.09999999999999999,0.39999999999999997
2020-08-28,0.3,0.19999999999999998,0.09999999999999999,0.39999999999999997
2020-09-04,0.3,0.19999999999999998,0.09999999999999999,0.39999999999999997
2020-09-11,0.17500000000000002,0.2625,0.1625,0.4000000000000001
2020-09-18,0.10681818181818185,0.2056818181818182,0.2874999999999999,0.39999999999999997
2020-09-25,0.09999999999999999,0.3,0.19999999999999998,0.39999999999999997
2020-10-02,0.09999999999999999,0.3,0.19999999999999998,0.39999999999999997
2020-10-09,0.22499999999999998,0.2375,0.13749999999999998,0.39999999999999997
2020-10-16,0.19999999999999998,0.3,0.09999999999999999,0.39999999999999997
2020-10-23,0.3,0.19999999999999998,0.09999999999999999,0.39999999999999997
2020-10-30,0.2375,0.13749999999999998,0.22499999999999998,0.39999999999999997
2020-11-06,0.11250000000000002,0.19431818181818186,0.2931818181818182,0.4000000000000001
2020-11-13,0.23382352941176465,0.19799465240641712,0.1681818181818182,0.4
2020-11-20,0.3,0.19999999999999998,0.09999999999999999,0.39999999999999997
2020-11-27,0.3,0.19999999999999998,0.09999999999999999,0.39999999999999997
2020-12-04,0.3,0.19999999999999998,0.09999999999999999,0.39999999999999997
2020-12-11,0.3,0.19999999999999998,0.09999999999999999,0.39999999999999997
2020-12-18,0.3,0.19999999999999998,0.09999999999999999,0.39999999999999997
2020-12-24,0.3,0.19999999999999998,0.09999999999999999,0.39999999999999997
2020-12-31,0.4000000000000001,0.20000000000000004,0.10000000000000002,0.30000000000000004
2021-01-08,0.4000000000000001,0.20000000000000004,0.10000000000000002,0.30000000000000004
2021-01-15,0.3,0.19999999999999998,0.09999999999999999,0.39999999999999997
2021-01-22,0.4000000000000001,0.20000000000000004,0.10000000000000002,0.30000000000000004
2021-01-29,0.3,0.19999999999999998,0.09999999999999999,0.39999999999999997
2021-02-05,0.33333333333333337,0.22222222222222227,0.0,0.44444444444444453
2021-02-12,0.33333333333333337,0.22222222222222227,0.0,0.44444444444444453
2021-02-19,0.3869047619047619,0.09722222222222224,0.0,0.5158730158730159
2021-02-26,0.5119047619047619,0.031362007168458814,0.0,0.45673323092677937
2021-03-05,0.5714285714285715,0.0,0.0,0.4285714285714286
2021-03-12,0.5714285714285715,0.0,0.0,0.4285714285714286
2021-03-19,0.5714285714285715,0.0,0.0,0.4285714285714286
2021-03-26,0.5714285714285715,0.0,0.0,0.4285714285714286
2021-04-01,0.5714285714285715,0.0,0.0,0.4285714285714286
2021-04-09,0.5714285714285715,0.0,0.0,0.4285714285714286
2021-04-16,0.5714285714285715,0.0,0.0,0.4285714285714286
2021-04-23,0.5714285714285715,0.0,0.0,0.4285714285714286
2021-04-30,0.5714285714285715,0.0,0.0,0.4285714285714286
2021-05-07,0.5,0.0,0.125,0.375
2021-05-14,0.44444444444444453,0.0,0.22222222222222227,0.33333333333333337
2021-05-21,0.44444444444444436,0.0,0.3333333333333333,0.22222222222222218
2021-05-28,0.44444444444444436,0.0,0.3333333333333333,0.22222222222222218
2021-06-04,0.44444444444444436,0.0,0.3333333333333333,0.22222222222222218
2021-06-11,0.4131944444444445,0.07031250000000001,0.23958333333333334,0.27690972222222227
2021-06-18,0.42646878072763034,0.18203816371681417,0.13781342182890857,0.25367963372664704
2021-06-25,0.4831199735197555,0.1108965108599801,0.08395507468574265,0.3220284409345219
2021-07-02,0.44444444444444453,0.22222222222222227,0.0,0.33333333333333337
2021-07-09,0.4000000000000001,0.20000000000000004,0.10000000000000002,0.30000000000000004
2021-07-16,0.4,0.30000000000000004,0.1,0.2
2021-07-23,0.43124999999999997,0.2453125,0.029687500000000012,0.29374999999999996
2021-07-30,0.44444444444444453,0.22222222222222227,0.0,0.33333333333333337
2021-08-06,0.44444444444444436,0.3333333333333333,0.0,0.22222222222222218
2021-08-13,0.44444444444444436,0.3333333333333333,0.0,0.22222222222222218
2021-08-20,0.44444444444444436,0.3333333333333333,0.0,0.22222222222222218
2021-08-27,0.44444444444444436,0.3333333333333333,0.0,0.22222222222222218
2021-09-03,0.44444444444444436,0.3333333333333333,0.0,0.22222222222222218
2021-09-10,0.44444444444444436,0.3333333333333333,0.0,0.22222222222222218
2021-09-17,0.44444444444444453,0.22222222222222227,0.0,0.33333333333333337
2021-09-24,0.44444444444444436,0.3333333333333333,0.0,0.22222222222222218
2021-10-01,0.44444444444444453,0.22222222222222227,0.0,0.33333333333333337
2021-10-08,0.5694444444444444,0.17222222222222225,0.0,0.2583333333333333
2021-10-15,0.6944444444444444,0.12222222222222225,0.0,0.18333333333333332
2021-10-22,0.8194444444444444,0.07222222222222224,0.0,0.10833333333333334
2021-10-29,0.9444444444444444,0.02222222222222224,0.0,0.033333333333333354
2021-11-05,0.8272569444444444,0.0951388888888889,0.05208333333333332,0.02552083333333335
2021-11-12,0.7423178798858147,0.06355127360562143,0.17708333333333334,0.017047513175230577
2021-11-19,0.6573788153271849,0.03196365832235397,0.30208333333333337,0.008574193017127803
2021-11-26,0.7823788153271849,0.020302215688239873,0.1918729366740438,0.0054460323105315015
2021-12-03,0.7177920680162356,0.14530221568823987,0.13312709856668287,0.003778617728841722
2021-12-10,0.8427920680162356,0.08094266054265699,0.07416033883084128,0.0021049326102661444
2021-12-17,0.7470827686873511,0.05239436490315565,0.1991603388308413,0.0013625275786519888
2021-12-23,0.6513734693584665,0.02384606926365431,0.3241603388308413,0.000620122547037833
2021-12-31,0.5714285714285715,0.0,0.4285714285714286,0.0
2022-01-07,0.5714285714285715,0.0,0.4285714285714286,0.0
2022-01-14,0.5714285714285715,0.0,0.4285714285714286,0.0
2022-01-21,0.4464285714285715,0.0,0.5535714285714286,0.0
2022-01-28,0.39062500000000006,0.0375,0.484375,0.0875
2022-02-04,0.29592803030303033,0.028409090909090908,0.609375,0.06628787878787878
2022-02-11,0.2012310606060606,0.019318181818181818,0.734375,0.045075757575757575
2022-02-18,0.10653409090909091,0.010227272727272727,0.859375,0.023863636363636365
2022-02-25,0.011837121212121215,0.0011363636363636367,0.984375,0.0026515151515151512
2022-03-04,0.0,0.0,1.0,0.0
2022-03-11,0.0,0.0,1.0,0.0
2022-03-18,0.0,0.0,1.0,0.0
2022-03-25,0.0,0.0,1.0,0.0
2022-04-01,0.0,0.0,1.0,0.0
2022-04-08,0.0,0.0,1.0,0.0
2022-04-14,0.0,0.0,1.0,0.0
2022-04-22,0.0,0.0,1.0,0.0
2022-04-29,0.0,0.0,1.0,0.0
2022-05-06,0.0,0.0,1.0,0.0
2022-05-13,0.0,0.0375,0.875,0.0875
2022-05-20,0.0,0.075,0.75,0.175
2022-05-27,0.0,0.11249999999999999,0.625,0.26249999999999996
2022-06-03,0.0,0.15,0.5,0.35
2022-06-10,0.0,0.1875,0.375,0.4375
2022-06-17,0.0,0.22499999999999998,0.25,0.525
2022-06-24,0.0,0.2625,0.12499999999999997,0.6125
2022-07-01,0.0,0.3,0.0,0.7
2022-07-08,0.0,0.3,0.0,0.7
2022-07-15,0.0,0.3,0.0,0.7
2022-07-22,0.0,0.3,0.0,0.7
2022-07-29,0.0,0.3,0.0,0.7
2022-08-05,0.0,0.3,0.0,0.7
2022-08-12,0.0,0.3,0.0,0.7
2022-08-19,0.0,0.3,0.0,0.7
2022-08-26,0.0,0.3,0.0,0.7
2022-09-02,0.0,0.3,0.0,0.7
2022-09-09,0.0,0.3,0.0,0.7
2022-09-16,0.0,0.3,0.0,0.7
2022-09-23,0.0,0.3,0.0,0.7
2022-09-30,0.0,0.3,0.0,0.7
2022-10-07,0.0,0.3,0.0,0.7
2022-10-14,0.0,0.3,0.0,0.7
2022-10-21,0.0,0.3,0.0,0.7
2022-10-28,0.0,0.3,0.0,0.7
2022-11-04,0.0,0.3,0.0,0.7
2022-11-11,0.0,0.3,0.0,0.7
2022-11-18,0.0,0.3,0.0,0.7
2022-11-25,0.0,0.3,0.0,0.7
2022-12-02,0.053571428571428575,0.2625,0.07142857142857144,0.6124999999999999
2022-12-09,0.04635989010989011,0.22716346153846156,0.19642857142857145,0.5300480769230769
2022-12-16,0.03914835164835165,0.1918269230769231,0.32142857142857145,0.4475961538461538
2022-12-23,0.11527617119722385,0.15432692307692308,0.3703007518796993,0.3600961538461538
2022-12-30,0.19140399074609604,0.11682692307692308,0.41917293233082714,0.27259615384615377
2023-01-06,0.2675318102949682,0.07932692307692307,0.46804511278195493,0.1850961538461538
2023-01-13,0.30000000000000004,0.1,0.4,0.2
2023-01-20,0.30000000000000004,0.1,0.4,0.2
2023-01-27,0.30000000000000004,0.1,0.4,0.2
2023-02-03,0.30000000000000004,0.1,0.4,0.2
2023-02-10,0.3333333333333333,0.0,0.44444444444444436,0.22222222222222218
2023-02-17,0.3869047619047619,0.0,0.5158730158730159,0.09722222222222227
2023-02-24,0.2870072209211553,0.0,0.6408730158730158,0.0721197632058288
2023-03-03,0.4120072209211554,0.0,0.5795541578110939,0.00843862126775076
2023-03-10,0.2895160521489236,0.0,0.7045541578110939,0.00592979003998252
2023-03-17,0.20388912091620548,0.0,0.665181089043812,0.13092979003998254
2023-03-24,0.1687030241680217,0.06773778897708467,0.5753671857919957,0.18819200106289785
2023-03-31,0.2622902132700001,0.09073397472102265,0.4503671857919958,0.1966086262169815
2023-04-06,0.19999999999999998,0.09999999999999999,0.39999999999999997,0.3
2023-04-14,0.325,0.1,0.3375,0.2375
2023-04-21,0.4,0.1,0.30000000000000004,0.2
2023-04-28,0.275,0.09999999999999999,0.3625,0.2625
2023-05-05,0.19999999999999998,0.09999999999999999,0.39999999999999997,0.3
2023-05-12,0.19999999999999998,0.09999999999999999,0.39999999999999997,0.3
2023-05-19,0.30000000000000004,0.1,0.4,0.2
2023-05-26,0.30000000000000004,0.1,0.4,0.2
2023-06-02,0.19999999999999998,0.09999999999999999,0.39999999999999997,0.3
2023-06-09,0.32500000000000007,0.04886363636363635,0.3659090909090909,0.26022727272727275
2023-06-16,0.44444444444444436,0.0,0.3333333333333333,0.22222222222222218
2023-06-23,0.44444444444444453,0.0,0.22222222222222227,0.33333333333333337
2023-06-30,0.4131944444444445,0.07031249999999999,0.27690972222222227,0.23958333333333337
2023-07-07,0.47701997465652934,0.041951155462184864,0.3380841920101374,0.1429446778711485
2023-07-14,0.44444444444444436,0.0,0.3333333333333333,0.22222222222222218
2023-07-21,0.44444444444444436,0.0,0.3333333333333333,0.22222222222222218
2023-07-28,0.5158730158730159,0.0,0.3869047619047619,0.09722222222222227
2023-08-04,0.6408730158730158,0.0,0.2870072209211553,0.0721197632058288
2023-08-11,0.7658730158730158,0.0,0.1871096799375488,0.04701730418943535
2023-08-18,0.6408730158730158,0.0,0.24397443403590946,0.1151525500910747
2023-08-25,0.5158730158730158,0.0,0.30083918813427013,0.18328779599271405
2023-09-01,0.44444444444444436,0.0,0.3333333333333333,0.22222222222222218
2023-09-08,0.44444444444444436,0.0,0.3333333333333333,0.22222222222222218
2023-09-15,0.44444444444444436,0.0,0.3333333333333333,0.22222222222222218
2023-09-22,0.44444444444444436,0.0,0.3333333333333333,0.22222222222222218
2023-09-29,0.4920634920634921,0.0,0.2083333333333334,0.2996031746031746
2023-10-06,0.5396825396825398,0.0,0.0833333333333334,0.376984126984127
2023-10-13,0.453968253968254,0.0,0.20833333333333343,0.3376984126984127
2023-10-20,0.328968253968254,0.0,0.30831148018648025,0.36272026584526584
2023-10-27,0.20396825396825397,0.0,0.40828962703962696,0.3877421189921189
2023-11-03,0.22222222222222227,0.0,0.44444444444444453,0.33333333333333337
2023-11-10,0.28472222222222227,0.0,0.31944444444444453,0.39583333333333337
2023-11-17,0.22606837606837607,0.06923076923076922,0.3752136752136752,0.3294871794871795
2023-11-24,0.3510683760683761,0.02960258919163028,0.3512410724739492,0.2680879622660445
2023-12-01,0.22606837606837604,0.08785221482514695,0.39158615394882856,0.2944932551576484
2023-12-08,0.3395497135415423,0.09577801277849073,0.26658615394882856,0.2980861197311384
2023-12-15,0.38490934054648734,0.1739822818241071,0.14158615394882862,0.299522223680577
2023-12-22,0.4000000000000001,0.20000000000000004,0.10000000000000002,0.30000000000000004
2023-12-29,0.4000000000000001,0.20000000000000004,0.10000000000000002,0.30000000000000004
2024-01-05,0.3375,0.1375,0.1625,0.3625
2024-01-12,0.3,0.19999999999999998,0.09999999999999999,0.39999999999999997
2024-01-19,0.3,0.19999999999999998,0.09999999999999999,0.39999999999999997
2024-01-26,0.4000000000000001,0.20000000000000004,0.10000000000000002,0.30000000000000004
2024-02-02,0.4000000000000001,0.20000000000000004,0.10000000000000002,0.30000000000000004
2024-02-09,0.39999999999999997,0.09999999999999999,0.19999999999999998,0.3
2024-02-16,0.39999999999999997,0.09999999999999999,0.19999999999999998,0.3
2024-02-23,0.39999999999999997,0.09999999999999999,0.19999999999999998,0.3
2024-03-01,0.39999999999999997,0.09999999999999999,0.19999999999999998,0.3
2024-03-08,0.39999999999999997,0.09999999999999999,0.19999999999999998,0.3
2024-03-15,0.4,0.1,0.30000000000000004,0.2
2024-03-22,0.39999999999999997,0.09999999999999999,0.19999999999999998,0.3
2024-03-28,0.4,0.1,0.30000000000000004,0.2
2024-04-05,0.4,0.1,0.30000000000000004,0.2
2024-04-12,0.35000000000000003,0.02500000000000001,0.4083333333333333,0.21666666666666667
2024-04-19,0.30000000000000004,0.1,0.4,0.2
2024-04-26,0.4,0.1,0.30000000000000004,0.2
2024-05-03,0.4,0.1,0.30000000000000004,0.2
2024-05-10,0.30000000000000004,0.1,0.4,0.2
2024-05-17,0.30000000000000004,0.1,0.4,0.2
2024-05-24,0.4,0.1,0.30000000000000004,0.2
2024-05-31,0.4,0.1,0.30000000000000004,0.2
2024-06-07,0.39999999999999997,0.09999999999999999,0.19999999999999998,0.3
2024-06-14,0.39999999999999997,0.09999999999999999,0.19999999999999998,0.3
2024-06-21,0.39999999999999997,0.09999999999999999,0.19999999999999998,0.3
2024-06-28,0.39999999999999997,0.09999999999999999,0.19999999999999998,0.3
2024-07-05,0.39999999999999997,0.09999999999999999,0.19999999999999998,0.3
2024-07-12,0.39999999999999997,0.09999999999999999,0.19999999999999998,0.3
2024-07-19,0.3,0.09999999999999999,0.19999999999999998,0.39999999999999997
2024-07-26,0.3,0.19999999999999998,0.09999999999999999,0.39999999999999997
2024-08-02,0.17500000000000002,0.2625,0.1625,0.4000000000000001
2024-08-09,0.10681818181818185,0.2056818181818182,0.2874999999999999,0.39999999999999997
2024-08-16,0.09999999999999999,0.19999999999999998,0.3,0.39999999999999997
2024-08-23,0.09999999999999999,0.19999999999999998,0.3,0.39999999999999997
2024-08-30,0.09999999999999999,0.19999999999999998,0.3,0.39999999999999997
2024-09-06,0.09999999999999999,0.3,0.19999999999999998,0.39999999999999997
2024-09-13,0.09999999999999999,0.3,0.19999999999999998,0.39999999999999997
2024-09-20,0.09999999999999999,0.3,0.19999999999999998,0.39999999999999997
2024-09-27,0.09999999999999999,0.3,0.19999999999999998,0.39999999999999997
2024-10-04,0.09999999999999999,0.19999999999999998,0.3,0.39999999999999997
2024-10-11,0.09999999999999999,0.19999999999999998,0.3,0.39999999999999997
2024-10-18,0.1625,0.1375,0.36250000000000004,0.3375
2024-10-25,0.26071428571428573,0.11071428571428572,0.3892857142857143,0.23928571428571432
2024-11-01,0.30000000000000004,0.1,0.4,0.2
2024-11-08,0.3625,0.09999999999999999,0.275,0.2625
2024-11-15,0.3056818181818182,0.1,0.20681818181818182,0.3875
2024-11-22,0.3,0.09999999999999999,0.19999999999999998,0.39999999999999997
2024-11-29,0.3,0.09999999999999999,0.19999999999999998,0.39999999999999997
2024-12-06,0.39999999999999997,0.09999999999999999,0.19999999999999998,0.3
2024-12-13,0.44444444444444453,0.0,0.22222222222222227,0.33333333333333337
2024-12-20,0.31944444444444453,0.0,0.28472222222222227,0.39583333333333337
2024-12-27,0.24335748792270534,0.0,0.40972222222222215,0.34692028985507245
2025-01-03,0.22222222222222227,0.0,0.33333333333333337,0.44444444444444453
2025-01-10,0.22222222222222227,0.0,0.44444444444444453,0.33333333333333337
2025-01-17,0.22222222222222227,0.0,0.44444444444444453,0.33333333333333337
2025-01-24,0.19999999999999998,0.09999999999999999,0.39999999999999997,0.3
2025-01-31,0.19999999999999998,0.09999999999999999,0.39999999999999997,0.3
2025-02-07,0.30000000000000004,0.1,0.4,0.2
2025-02-14,0.19999999999999998,0.09999999999999999,0.39999999999999997,0.3
2025-02-21,0.19999999999999998,0.09999999999999999,0.39999999999999997,0.3
2025-02-28,0.13749999999999998,0.16249999999999998,0.33749999999999997,0.3625
2025-03-07,0.19999999999999998,0.09999999999999999,0.39999999999999997,0.3
2025-03-14,0.09999999999999999,0.19999999999999998,0.39999999999999997,0.3
2025-03-21,0.09999999999999999,0.19999999999999998,0.39999999999999997,0.3
2025-03-28,0.0,0.22222222222222227,0.44444444444444453,0.33333333333333337
2025-04-04,0.0,0.22222222222222227,0.33333333333333337,0.44444444444444453
2025-04-11,0.0,0.22222222222222227,0.44444444444444453,0.33333333333333337
2025-04-17,0.0,0.22222222222222227,0.44444444444444453,0.33333333333333337
2025-04-25,0.0,0.22222222222222227,0.33333333333333337,0.44444444444444453
2025-05-02,0.09999999999999999,0.19999999999999998,0.3,0.39999999999999997
2025-05-09,0.09999999999999999,0.19999999999999998,0.3,0.39999999999999997
2025-05-16,0.09999999999999999,0.19999999999999998,0.3,0.39999999999999997
2025-05-23,0.19999999999999998,0.09999999999999999,0.3,0.39999999999999997
2025-05-30,0.19999999999999998,0.09999999999999999,0.3,0.39999999999999997
2025-06-06,0.19999999999999998,0.09999999999999999,0.39999999999999997,0.3
2025-06-13,0.19999999999999998,0.09999999999999999,0.39999999999999997,0.3
2025-06-20,0.19999999999999998,0.09999999999999999,0.3,0.39999999999999997
2025-06-27,0.19999999999999998,0.09999999999999999,0.3,0.39999999999999997
2025-07-03,0.19999999999999998,0.09999999999999999,0.39999999999999997,0.3
2025-07-11,0.19999999999999998,0.09999999999999999,0.3,0.39999999999999997
2025-07-18,0.325,0.10000000000000002,0.23750000000000004,0.3375
2025-07-25,0.39999999999999997,0.09999999999999999,0.19999999999999998,0.3
2025-08-01,0.39999999999999997,0.09999999999999999,0.19999999999999998,0.3
2025-08-08,0.4,0.1,0.30000000000000004,0.2
2025-08-15,0.3375,0.09999999999999999,0.23750000000000002,0.32499999999999996
2025-08-22,0.3,0.09999999999999999,0.19999999999999998,0.39999999999999997
2025-08-29,0.23750000000000004,0.10000000000000002,0.325,0.3375
2025-09-05,0.19999999999999998,0.09999999999999999,0.3,0.39999999999999997
2025-09-12,0.3,0.09999999999999999,0.19999999999999998,0.39999999999999997
2025-09-19,0.3625,0.1,0.2625,0.275
2025-09-26,0.23749999999999996,0.09999999999999999,0.3682692307692308,0.29423076923076924
2025-10-03,0.36249999999999993,0.09999999999999998,0.3157544378698225,0.2217455621301775
2025-10-10,0.2445773524720893,0.14492291334396598,0.3086770853977332,0.30182264878621157
2025-10-17,0.1266547049441786,0.18984582668793196,0.30159973292564385,0.38189973544224554
2025-10-24,0.17213175865316926,0.2581458758208693,0.17659973292564385,0.3931226326003177
2025-10-31,0.19999999999999998,0.3,0.09999999999999999,0.39999999999999997
2025-11-07,0.19999999999999998,0.3,0.09999999999999999,0.39999999999999997
2025-11-14,0.09999999999999999,0.3,0.19999999999999998,0.39999999999999997
2025-11-21,0.09999999999999999,0.19999999999999998,0.3,0.39999999999999997
2025-11-28,0.09999999999999999,0.19999999999999998,0.3,0.39999999999999997
2025-12-05,0.09999999999999999,0.19999999999999998,0.39999999999999997,0.3
2025-12-12,0.19999999999999998,0.09999999999999999,0.39999999999999997,0.3
2025-12-19,0.09999999999999999,0.19999999999999998,0.39999999999999997,0.3
2025-12-26,0.19999999999999998,0.09999999999999999,0.39999999999999997,0.3
2025-12-31,0.19999999999999998,0.09999999999999999,0.3,0.39999999999999997
